player,number_of_not_outs,tot_runs,highest_score,tot_balls_faced,number_of_hundreds,number_of_fifties,number_of_fours,number_of_sixes,batting_average,batting_strike_rate,number_of_overs,runs,wickets,number_of_four_fers,number_of_five_fers,max_number_of_wickets_per_match,number_of_balls_bowled,bowling_average,bowling_strike_rate,total_matches,total_innings,role,amount,player_origin,player_id
aaron finch,4.0,1094.0,74.0,820.0,0.0,8.0,104.0,46.0,22.791666666666664,133.41463414634146,0.0,0.0,0.0,0.0,0.0,0.0,0.0,0.0,0.0,48.0,46.0,Batsman,44000000.0,Overseas,62c74dbf-5cad-4e02-9860-459c16cd55d4
abdul samad,4.0,222.0,33.0,152.0,0.0,0.0,12.0,14.0,9.652173913043478,146.05263157894737,7.0,96.0,1.0,0.0,0.0,1.0,42.0,96.0,42.0,23.0,18.0,All-Rounder,2000000.0,Indian,b5f3235e-8afd-4f7d-9b98-514cecd1492e
abhishek sharma,6.0,241.0,46.0,173.0,0.0,0.0,17.0,12.0,10.954545454545453,139.3063583815029,22.0,176.0,7.0,0.0,0.0,2.0,132.0,25.142857142857142,18.857142857142858,22.0,20.0,All-Rounder,5500000.0,Indian,5a28989f-9926-47cd-bc77-3ae5a51f627e
adam milne,2.0,23.0,15.0,29.0,0.0,0.0,0.0,1.0,2.875,79.3103448275862,32.0,308.0,7.0,0.0,0.0,2.0,192.0,44.0,27.428571428571427,9.0,9.0,Bowler,32000000.0,Overseas,625af452-c08e-4cfa-b339-063fb791a4ee
adam zampa,0.0,5.0,5.0,8.0,0.0,0.0,1.0,0.0,0.4545454545454545,62.5,48.0,370.0,21.0,0.0,1.0,6.0,288.0,17.61904761904762,13.714285714285714,14.0,14.0,Bowler,3000000.0,Overseas,51b95e60-de99-4033-b1a5-6a9e09b921b6
aditya tare,0.0,26.0,18.0,38.0,0.0,0.0,4.0,0.0,4.333333333333333,68.42105263157895,0.0,0.0,0.0,0.0,0.0,0.0,0.0,0.0,0.0,6.0,5.0,Wicket Keeper,2000000.0,Indian,0ee28c45-26e7-4ac9-81a0-bad08e6d1565
ajinkya rahane,6.0,1746.0,105.0,1415.0,1.0,11.0,186.0,34.0,24.942857142857143,123.39222614840988,0.0,0.0,0.0,0.0,0.0,0.0,0.0,0.0,0.0,70.0,66.0,Batsman,40000000.0,Indian,ee929553-8f12-499b-bdeb-eb68ee19fb95
akila dananjaya,1.0,4.0,4.0,5.0,0.0,0.0,0.0,0.0,4.0,80.0,0.0,0.0,0.0,0.0,0.0,0.0,0.0,0.0,0.0,1.0,1.0,All-Rounder,1500000.0,Overseas,7095afda-ac63-4062-b6af-a9faa740d7dc
akshdeep nath,0.0,90.0,24.0,98.0,0.0,0.0,7.0,2.0,6.428571428571429,91.83673469387757,0.0,0.0,0.0,0.0,0.0,0.0,0.0,0.0,0.0,14.0,10.0,All-Rounder,36000000.0,Indian,a3077236-ec80-499b-a1d3-40d15e3529f5
albie morkel,0.0,16.0,16.0,9.0,0.0,0.0,0.0,2.0,8.0,177.77777777777777,5.0,66.0,2.0,0.0,0.0,4.0,30.0,33.0,15.0,2.0,2.0,All-Rounder,3000000.0,Overseas,b1906f4f-1957-451c-8ac7-b1ca0f0423ae
alex carey,1.0,32.0,14.0,29.0,0.0,0.0,0.0,1.0,10.666666666666666,110.3448275862069,0.0,0.0,0.0,0.0,0.0,0.0,0.0,0.0,0.0,3.0,3.0,Wicket Keeper,24000000.0,Overseas,72fa9ac7-0565-4719-8c83-51768091f4aa
ambati rayudu,14.0,1925.0,100.0,1513.0,1.0,10.0,154.0,85.0,24.367088607594937,127.23066754791805,0.0,0.0,0.0,0.0,0.0,0.0,0.0,0.0,0.0,79.0,74.0,Wicket Keeper,22000000.0,Indian,a2317f18-339f-4e96-b2a0-b4f13556a702
amit mishra,8.0,75.0,13.0,92.0,0.0,0.0,4.0,2.0,1.530612244897959,81.52173913043478,186.0,1402.0,55.0,1.0,0.0,5.0,1116.0,25.49090909090909,20.29090909090909,56.0,56.0,Bowler,40000000.0,Indian,450e4fa2-4944-4d58-9511-9b0c4a81a401
andre russell,10.0,1314.0,88.0,735.0,0.0,6.0,81.0,121.0,21.193548387096772,178.77551020408163,141.0,1296.0,56.0,1.0,1.0,5.0,846.0,23.142857142857142,15.107142857142858,62.0,54.0,All-Rounder,6000000.0,Overseas,09b22f59-66c4-4c7a-8fcc-bec75714e934
andrew tye,4.0,91.0,25.0,76.0,0.0,0.0,6.0,5.0,3.3703703703703702,119.73684210526316,103.0,872.0,40.0,3.0,1.0,5.0,618.0,21.8,15.45,27.0,27.0,Bowler,10000000.0,Overseas,4a257614-271e-4028-bdc6-7d4da76108e5
angelo mathews,0.0,32.0,31.0,27.0,0.0,0.0,2.0,1.0,10.666666666666666,118.51851851851852,0.0,0.0,0.0,0.0,0.0,0.0,0.0,0.0,0.0,3.0,2.0,All-Rounder,20000000.0,Overseas,f224f15c-86ae-4d7a-abf0-897874031d5a
aniket choudhary,2.0,25.0,15.0,20.0,0.0,0.0,1.0,1.0,5.0,125.0,17.0,144.0,5.0,0.0,0.0,2.0,102.0,28.8,20.4,5.0,5.0,Bowler,3000000.0,Indian,5b35bce1-788f-419c-91a8-3c8a92bdf115
ankit sharma,1.0,28.0,25.0,18.0,0.0,0.0,2.0,1.0,7.0,155.55555555555557,11.0,84.0,1.0,0.0,0.0,2.0,66.0,84.0,66.0,4.0,3.0,All-Rounder,2000000.0,Indian,0f492393-7fc5-4f1c-8cb6-7151fecfb192
anmolpreet singh,0.0,16.0,16.0,14.0,0.0,0.0,2.0,1.0,16.0,114.28571428571428,0.0,0.0,0.0,0.0,0.0,0.0,0.0,0.0,0.0,1.0,1.0,Batsman,8000000.0,Indian,f47f64cf-5a7b-4078-a8d5-08560502d614
anrich nortje,4.0,7.0,3.0,6.0,0.0,0.0,0.0,0.0,0.4375,116.66666666666669,91.0,699.0,34.0,0.0,0.0,3.0,546.0,20.558823529411764,16.058823529411764,24.0,24.0,Bowler,2000000.0,Overseas,ff3700a6-3e64-414e-9bf9-fcfadb94126a
anuj rawat,0.0,0.0,0.0,1.0,0.0,0.0,0.0,0.0,0.0,0.0,0.0,0.0,0.0,0.0,0.0,0.0,0.0,0.0,0.0,2.0,1.0,Wicket Keeper,8000000.0,Indian,876aca3d-a08d-48b3-a18c-88a6c2adc6ec
anureet singh,1.0,18.0,15.0,16.0,0.0,0.0,2.0,0.0,4.5,112.5,4.0,42.0,1.0,0.0,0.0,3.0,24.0,42.0,24.0,4.0,3.0,Bowler,3000000.0,Indian,397c0ccf-e079-4fa8-a082-684f5226aa84
arshdeep singh,2.0,2.0,1.0,6.0,0.0,0.0,0.0,0.0,0.1,33.33333333333333,76.0,669.0,30.0,0.0,1.0,5.0,456.0,22.3,15.2,23.0,23.0,Bowler,2000000.0,Indian,5784d9b7-d6fb-4ca0-9825-bcbf02343329
ashish nehra,2.0,1.0,1.0,1.0,0.0,0.0,0.0,0.0,0.125,100.0,47.0,396.0,17.0,0.0,0.0,4.0,282.0,23.294117647058822,16.58823529411765,14.0,14.0,Bowler,55000000.0,Indian,967b1757-66cb-40c9-bec6-60596ce18ba7
ashish reddy,1.0,47.0,32.0,29.0,0.0,0.0,2.0,4.0,11.75,162.06896551724137,4.0,39.0,1.0,0.0,0.0,3.0,24.0,39.0,24.0,4.0,3.0,Bowler,2000000.0,Indian,8334f6ea-ce82-4bcc-bb8e-f63374b4da39
ashok dinda,0.0,7.0,7.0,7.0,0.0,0.0,1.0,0.0,2.333333333333333,100.0,40.0,350.0,12.0,0.0,0.0,4.0,240.0,29.166666666666668,20.0,12.0,12.0,Bowler,5000000.0,Indian,cb5e8458-56ee-42f8-83e7-11ac882a867c
ashton turner,1.0,3.0,3.0,10.0,0.0,0.0,0.0,0.0,0.75,30.0,0.0,0.0,0.0,0.0,0.0,0.0,0.0,0.0,0.0,4.0,4.0,All-Rounder,5000000.0,Indian,b3caf418-4d8e-4033-bbd7-38c7750cc4cc
avesh khan,2.0,9.0,5.0,6.0,0.0,0.0,2.0,0.0,0.5294117647058822,150.0,84.0,677.0,29.0,0.0,0.0,3.0,504.0,23.344827586206897,17.379310344827587,23.0,23.0,Bowler,7000000.0,Indian,944d568b-83a9-434b-ba68-399bac8ec518
basil thampi,7.0,32.0,13.0,35.0,0.0,0.0,1.0,1.0,1.6842105263157896,91.42857142857143,58.0,584.0,17.0,0.0,0.0,3.0,348.0,34.35294117647059,20.47058823529412,19.0,17.0,Bowler,9500000.0,Indian,7225ba89-c1e3-4169-b4d4-2448733c7437
ben cutting,6.0,230.0,39.0,135.0,0.0,0.0,15.0,18.0,11.5,170.37037037037035,42.0,398.0,9.0,0.0,0.0,2.0,252.0,44.22222222222222,28.0,20.0,16.0,All-Rounder,7500000.0,Overseas,1de7137b-3ddc-4654-9038-f322fa7e7474
ben laughlin,1.0,1.0,1.0,4.0,0.0,0.0,0.0,0.0,0.1428571428571428,25.0,21.0,211.0,9.0,0.0,0.0,2.0,126.0,23.444444444444443,14.0,7.0,7.0,Bowler,5000000.0,Overseas,64727352-f043-44d3-8b9f-7d7718a16cc3
bhuvneshwar kumar,13.0,106.0,21.0,98.0,0.0,0.0,11.0,1.0,1.452054794520548,108.16326530612244,279.0,2108.0,80.0,1.0,1.0,5.0,1674.0,26.35,20.925,73.0,73.0,Bowler,42500000.0,Overseas,601783c5-74eb-4273-9d8e-e91af2ed5680
billy stanlake,1.0,5.0,5.0,2.0,0.0,0.0,1.0,0.0,1.25,250.0,24.0,200.0,7.0,0.0,0.0,2.0,144.0,28.571428571428573,20.571428571428573,6.0,6.0,Batsman,5000000.0,Overseas,d5f71223-8172-42ee-bc85-2edfc0959c3d
bipul sharma,4.0,82.0,27.0,49.0,0.0,0.0,3.0,6.0,5.857142857142857,167.3469387755102,30.0,250.0,6.0,0.0,0.0,2.0,180.0,41.66666666666666,30.0,14.0,13.0,All-Rounder,2000000.0,Indian,411c7a93-102b-4a9d-87a8-6eac856704c6
brendon mccullum,0.0,800.0,72.0,567.0,0.0,3.0,83.0,40.0,24.24242424242424,141.09347442680777,0.0,0.0,0.0,0.0,0.0,0.0,0.0,0.0,0.0,33.0,33.0,Batsman,36000000.0,Overseas,87d65ceb-2f7c-421e-a499-ce33c40c8a75
carlos brathwaite,1.0,181.0,43.0,111.0,0.0,0.0,10.0,16.0,11.3125,163.06306306306305,39.0,346.0,13.0,0.0,0.0,3.0,234.0,26.615384615384617,18.0,16.0,14.0,All-Rounder,50000000.0,Overseas,8d540626-c1b6-4c71-bae8-bec8bc1ef4aa
chetan sakariya,1.0,16.0,7.0,25.0,0.0,0.0,2.0,0.0,1.1428571428571428,64.0,52.0,426.0,14.0,0.0,0.0,3.0,312.0,30.428571428571427,22.285714285714285,14.0,14.0,Bowler,12000000.0,Indian,624a6efc-1e96-45e6-8871-b2a4e9db388e
chris jordan,2.0,64.0,30.0,57.0,0.0,0.0,3.0,3.0,2.7826086956521734,112.28070175438596,71.0,658.0,24.0,1.0,0.0,4.0,426.0,27.416666666666668,17.75,23.0,22.0,All-Rounder,30000000.0,Overseas,7cf0cc71-03eb-41a1-bd34-cafaf8a2cf60
chris lynn,3.0,1265.0,93.0,887.0,0.0,10.0,126.0,63.0,32.43589743589744,142.61555806087935,0.0,0.0,0.0,0.0,0.0,0.0,0.0,0.0,0.0,39.0,39.0,Batsman,20000000.0,Overseas,579bee0c-d459-48c2-a0ca-7a3bd15a0bad
chris woakes,6.0,78.0,18.0,77.0,0.0,0.0,7.0,2.0,3.7142857142857135,101.2987012987013,73.0,658.0,30.0,0.0,0.0,3.0,438.0,21.933333333333334,14.6,21.0,21.0,All-Rounder,15000000.0,Overseas,5c485420-f2c1-44c2-acaf-a98c0c765350
colin ingram,2.0,184.0,47.0,154.0,0.0,0.0,20.0,5.0,15.333333333333332,119.48051948051948,0.0,0.0,0.0,0.0,0.0,0.0,0.0,0.0,0.0,12.0,12.0,Batsman,64000000.0,Overseas,0da3646a-13b7-4fc6-a829-f9151e7355b9
colin munro,0.0,177.0,40.0,141.0,0.0,0.0,19.0,8.0,13.615384615384617,125.53191489361701,0.0,0.0,0.0,0.0,0.0,0.0,0.0,0.0,0.0,13.0,12.0,All-Rounder,19000000.0,Overseas,2e09a7d3-b597-404e-bab5-26ae8c29305a
colin de grandhomme,5.0,303.0,40.0,225.0,0.0,0.0,18.0,18.0,12.12,134.66666666666669,31.0,264.0,6.0,0.0,0.0,3.0,186.0,44.0,31.0,25.0,21.0,All-Rounder,22000000.0,Overseas,ce99011f-afdd-460c-a177-acdd8415e802
corey anderson,4.0,159.0,41.0,145.0,0.0,0.0,8.0,10.0,11.357142857142856,109.6551724137931,27.0,301.0,6.0,0.0,0.0,2.0,162.0,50.16666666666666,27.0,14.0,14.0,All-Rounder,10000000.0,Overseas,c3171984-30b0-4b80-afae-c161adb12335
dale steyn,1.0,2.0,1.0,4.0,0.0,0.0,0.0,0.0,0.5,50.0,19.0,202.0,5.0,0.0,0.0,3.0,114.0,40.4,22.8,5.0,5.0,Bowler,20000000.0,Overseas,6c37e4a1-0ba4-4f66-a186-27d8cf21a768
dan christian,6.0,119.0,17.0,106.0,0.0,0.0,6.0,6.0,4.576923076923077,112.26415094339625,68.0,554.0,19.0,0.0,0.0,2.0,408.0,29.157894736842103,21.473684210526315,26.0,26.0,All-Rounder,48000000.0,Overseas,54733595-3dea-488b-a726-b01563a4f3af
darren bravo,1.0,6.0,6.0,5.0,0.0,0.0,1.0,0.0,6.0,120.0,0.0,0.0,0.0,0.0,0.0,0.0,0.0,0.0,0.0,1.0,1.0,Batsman,5000000.0,Overseas,8b6602db-5b50-4125-ab0e-4e8596390045
david miller,10.0,655.0,62.0,552.0,0.0,2.0,48.0,20.0,15.97560975609756,118.65942028985508,0.0,0.0,0.0,0.0,0.0,0.0,0.0,0.0,0.0,41.0,38.0,Batsman,7500000.0,Overseas,4994de01-a321-47f7-a575-70812d814318
david warner,10.0,2924.0,126.0,2081.0,2.0,27.0,275.0,98.0,43.64179104477612,140.50937049495437,0.0,0.0,0.0,0.0,0.0,0.0,0.0,0.0,0.0,67.0,67.0,Batsman,55000000.0,Overseas,cd8bb87f-264a-4a4a-9164-ef5bbe667ce1
david wiese,1.0,5.0,5.0,4.0,0.0,0.0,0.0,0.0,5.0,125.0,0.0,0.0,0.0,0.0,0.0,0.0,0.0,0.0,0.0,1.0,1.0,All-Rounder,28000000.0,Overseas,3a407425-2c7c-4b25-a8e9-9d5750487534
dawid malan,0.0,26.0,26.0,26.0,0.0,0.0,1.0,1.0,26.0,100.0,0.0,0.0,0.0,0.0,0.0,0.0,0.0,0.0,0.0,1.0,1.0,All-Rounder,15000000.0,Overseas,d4cb0a2a-4e26-4c64-8753-8b640f1f7c11
deepak chahar,5.0,79.0,39.0,57.0,0.0,0.0,2.0,6.0,1.2950819672131149,138.5964912280702,215.0,1681.0,59.0,2.0,0.0,4.0,1290.0,28.491525423728813,21.864406779661017,61.0,61.0,All-Rounder,8000000.0,Indian,9a559d2e-0a84-4bbc-ab4b-d662f3980596
deepak hooda,14.0,634.0,64.0,511.0,0.0,2.0,35.0,27.0,9.606060606060606,124.07045009784736,35.0,296.0,8.0,0.0,0.0,2.0,210.0,37.0,26.25,66.0,52.0,All-Rounder,5000000.0,Indian,bdf5e942-7738-4889-9f8c-b34ca93d20d0
devdutt padikkal,1.0,884.0,101.0,707.0,1.0,6.0,95.0,22.0,30.48275862068965,125.03536067892504,0.0,0.0,0.0,0.0,0.0,0.0,0.0,0.0,0.0,29.0,29.0,Batsman,2000000.0,Indian,d1b4f68e-f83f-4c50-aeb0-0469df5c983d
dhawal kulkarni,6.0,38.0,6.0,29.0,0.0,0.0,3.0,0.0,0.9743589743589745,131.03448275862067,123.0,1060.0,31.0,1.0,0.0,4.0,738.0,34.193548387096776,23.806451612903224,39.0,38.0,Bowler,7500000.0,Indian,27695889-1c1c-4476-9f8a-83b658630bdf
dhruv shorey,0.0,13.0,8.0,17.0,0.0,0.0,0.0,1.0,6.5,76.47058823529412,0.0,0.0,0.0,0.0,0.0,0.0,0.0,0.0,0.0,2.0,2.0,All-Rounder,2000000.0,Indian,ae91e770-11c9-40f8-8582-3aac22082cfc
dinesh karthik,23.0,1839.0,97.0,1339.0,0.0,10.0,181.0,55.0,20.208791208791208,137.3412994772218,0.0,0.0,0.0,0.0,0.0,0.0,0.0,0.0,0.0,91.0,86.0,Wicket Keeper,74000000.0,Indian,e855ee2b-9e3c-4158-83b9-fb5ac9321de9
dwayne bravo,17.0,374.0,68.0,263.0,0.0,1.0,28.0,18.0,6.2333333333333325,142.20532319391637,204.0,1800.0,62.0,1.0,0.0,4.0,1224.0,29.032258064516128,19.741935483870968,60.0,60.0,All-Rounder,64000000.0,Overseas,df85a691-08cc-4016-a51a-974596728c50
dwayne smith,2.0,563.0,74.0,377.0,0.0,5.0,67.0,24.0,23.458333333333332,149.3368700265252,31.0,301.0,10.0,1.0,0.0,4.0,186.0,30.1,18.6,24.0,24.0,All-Rounder,23000000.0,Overseas,57fd78ac-199e-4d57-affd-172bf14b2ce3
eklavya dwivedi,0.0,24.0,19.0,14.0,0.0,0.0,2.0,2.0,6.0,171.42857142857144,0.0,0.0,0.0,0.0,0.0,0.0,0.0,0.0,0.0,4.0,2.0,Wicket Keeper,7500000.0,Indian,8425e4f0-a2a4-4816-b91e-e80e40e942cd
eoin morgan,9.0,739.0,68.0,608.0,0.0,2.0,54.0,36.0,17.595238095238095,121.54605263157896,0.0,0.0,0.0,0.0,0.0,0.0,0.0,0.0,0.0,42.0,40.0,Batsman,52500000.0,Overseas,243e524d-d3fa-4c05-9130-f45a35348bb2
evin lewis,0.0,581.0,65.0,421.0,0.0,3.0,54.0,33.0,27.666666666666664,138.00475059382424,0.0,0.0,0.0,0.0,0.0,0.0,0.0,0.0,0.0,21.0,21.0,Batsman,38000000.0,Overseas,3000de7e-f11a-4d95-aa04-b23965f871fd
fabian allen,2.0,6.0,6.0,12.0,0.0,0.0,0.0,0.0,1.5,50.0,11.0,90.0,1.0,0.0,0.0,1.0,66.0,90.0,66.0,4.0,3.0,All-Rounder,7500000.0,Overseas,1533f814-6767-43f3-941d-042afed148f8
faf du plessis,6.0,1854.0,96.0,1396.0,0.0,16.0,173.0,67.0,33.70909090909091,132.8080229226361,0.0,0.0,0.0,0.0,0.0,0.0,0.0,0.0,0.0,55.0,54.0,Batsman,16000000.0,Overseas,d1373fff-209d-4b00-ada1-785b43294fdf
farhaan behardien,1.0,14.0,9.0,13.0,0.0,0.0,2.0,0.0,4.666666666666666,107.69230769230768,0.0,0.0,0.0,0.0,0.0,0.0,0.0,0.0,0.0,3.0,3.0,All-Rounder,3000000.0,Overseas,b30fcc32-fb78-4da6-b0d3-0a1554e1f753
gautam gambhir,6.0,1084.0,90.0,888.0,0.0,10.0,123.0,14.0,29.297297297297295,122.07207207207207,0.0,0.0,0.0,0.0,0.0,0.0,0.0,0.0,0.0,37.0,36.0,Batsman,28000000.0,Indian,b1821a60-fe4a-4db5-9f9e-8f05d857a48c
george bailey,1.0,84.0,34.0,98.0,0.0,0.0,9.0,2.0,14.0,85.71428571428571,0.0,0.0,0.0,0.0,0.0,0.0,0.0,0.0,0.0,6.0,5.0,Batsman,32500000.0,Overseas,ecd2d6a8-b236-4ecc-a23e-ea2f0ecefce5
glenn maxwell,11.0,1279.0,78.0,885.0,0.0,8.0,104.0,64.0,19.67692307692308,144.51977401129943,72.0,561.0,18.0,0.0,0.0,2.0,432.0,31.166666666666668,24.0,65.0,61.0,All-Rounder,142500000.0,Overseas,cc5ff54a-b952-4123-9af1-45854db41663
hanuma vihari,0.0,4.0,2.0,8.0,0.0,0.0,0.0,0.0,2.0,50.0,0.0,0.0,0.0,0.0,0.0,0.0,0.0,0.0,0.0,2.0,2.0,Batsman,20000000.0,Indian,f56a03b2-84e5-485d-b549-d1b1f2493113
harbhajan singh,11.0,142.0,45.0,143.0,0.0,0.0,14.0,4.0,2.730769230769231,99.30069930069929,166.0,1240.0,40.0,0.0,0.0,5.0,996.0,31.0,24.9,52.0,48.0,Bowler,20000000.0,Indian,ab8e2367-c22d-411c-ae31-388329cb8835
hardik pandya,28.0,1364.0,91.0,897.0,0.0,3.0,88.0,90.0,16.433734939759034,152.06243032329988,126.0,1137.0,41.0,0.0,0.0,3.0,756.0,27.73170731707317,18.4390243902439,83.0,77.0,All-Rounder,1000000.0,Indian,4bb5b18b-66ac-43a2-9b7d-636a09a9ec0e
hardus viljoen,1.0,3.0,2.0,7.0,0.0,0.0,0.0,0.0,0.5,42.857142857142854,23.0,222.0,7.0,0.0,0.0,2.0,138.0,31.714285714285715,19.714285714285715,6.0,6.0,Bowler,7500000.0,Overseas,bbc19105-2f12-4809-8356-ba8972b8a116
harpreet brar,6.0,84.0,25.0,70.0,0.0,0.0,5.0,3.0,9.33333333333333,120.0,23.0,139.0,5.0,0.0,0.0,3.0,138.0,27.8,27.6,9.0,7.0,All-Rounder,2000000.0,Indian,1e32da37-be28-41ad-b4a4-3681912a145f
harry gurney,1.0,1.0,1.0,5.0,0.0,0.0,0.0,0.0,0.125,20.0,27.0,238.0,7.0,0.0,0.0,2.0,162.0,34.0,23.142857142857142,8.0,8.0,Bowler,7500000.0,Overseas,81a9ef9b-a190-475c-80b1-d213c0ced1b9
harshal patel,6.0,140.0,36.0,105.0,0.0,0.0,9.0,8.0,5.185185185185185,133.33333333333331,114.0,1027.0,48.0,1.0,1.0,5.0,684.0,21.39583333333333,14.25,33.0,33.0,All-Rounder,2000000.0,Indian,ec197d67-3bf3-4b2a-b767-72d7f0858151
heinrich klaasen,1.0,66.0,32.0,57.0,0.0,0.0,5.0,1.0,9.428571428571427,115.78947368421052,0.0,0.0,0.0,0.0,0.0,0.0,0.0,0.0,0.0,7.0,6.0,Wicket Keeper,5000000.0,Overseas,84548d68-ae48-4b45-930f-9fa345156572
imran tahir,3.0,20.0,13.0,21.0,0.0,0.0,3.0,0.0,0.8,95.23809523809523,162.0,1218.0,58.0,2.0,0.0,4.0,972.0,21.0,16.75862068965517,43.0,43.0,Bowler,10000000.0,Overseas,0939f450-42fe-4ac3-8721-a91b75b15b8b
irfan pathan,0.0,13.0,7.0,16.0,0.0,0.0,0.0,0.0,2.6,81.25,0.0,0.0,0.0,0.0,0.0,0.0,0.0,0.0,0.0,5.0,4.0,All-Rounder,10000000.0,Indian,99a8429a-7fbf-4356-948d-b04ad9a68681
ishan kishan,5.0,1452.0,99.0,1065.0,0.0,9.0,121.0,74.0,23.803278688524593,136.33802816901408,0.0,0.0,0.0,0.0,0.0,0.0,0.0,0.0,0.0,61.0,56.0,Wicket Keeper,62000000.0,Indian,1b497c46-d9f2-4d97-95b7-f5a13834ca73
ishank jaggi,1.0,33.0,28.0,39.0,0.0,0.0,3.0,0.0,16.5,84.61538461538461,0.0,0.0,0.0,0.0,0.0,0.0,0.0,0.0,0.0,2.0,2.0,Batsman,2000000.0,Indian,7b7d65fc-c215-446b-8fab-ec321039c03f
ishant sharma,4.0,18.0,10.0,15.0,0.0,0.0,2.0,1.0,0.9473684210526316,120.0,73.0,594.0,17.0,0.0,0.0,5.0,438.0,34.94117647058823,25.764705882352946,20.0,20.0,Bowler,11000000.0,Indian,8dbdcd6a-2eaa-4b21-8d32-34caf7910811
isuru udana,1.0,15.0,10.0,11.0,0.0,0.0,1.0,1.0,1.5,136.36363636363637,29.0,282.0,8.0,0.0,0.0,2.0,174.0,35.25,21.75,10.0,10.0,All-Rounder,5000000.0,Overseas,99cee036-9688-45cb-aa74-1dcbb6424a06
james faulkner,4.0,131.0,32.0,116.0,0.0,0.0,11.0,0.0,8.733333333333333,112.93103448275862,43.0,425.0,8.0,0.0,0.0,5.0,258.0,53.125,32.25,15.0,15.0,All-Rounder,30000000.0,Overseas,8075d1cf-1068-4014-be26-c68fde1eb01a
jason holder,3.0,173.0,47.0,144.0,0.0,0.0,9.0,10.0,9.105263157894736,120.13888888888889,73.0,583.0,32.0,1.0,0.0,4.0,438.0,18.21875,13.6875,19.0,19.0,All-Rounder,7000000.0,Overseas,d971e5c0-f0d7-4d5d-a6ff-a69e83e5ac49
jason roy,2.0,329.0,91.0,255.0,0.0,2.0,39.0,9.0,25.307692307692307,129.01960784313724,0.0,0.0,0.0,0.0,0.0,0.0,0.0,0.0,0.0,13.0,13.0,Batsman,15000000.0,Overseas,08d8d334-7f57-4ab7-af95-78dc7e1a8cc1
jasprit bumrah,13.0,55.0,16.0,55.0,0.0,0.0,4.0,1.0,0.6179775280898876,100.0,341.0,2440.0,119.0,2.0,0.0,4.0,2046.0,20.50420168067227,17.19327731092437,89.0,89.0,Bowler,12000000.0,Indian,add1301e-4a0c-45d0-8343-7a9f89d11e0e
jayant yadav,1.0,40.0,23.0,36.0,0.0,0.0,2.0,1.0,4.0,111.11111111111111,48.0,348.0,6.0,0.0,0.0,1.0,288.0,58.0,48.0,14.0,14.0,All-Rounder,5000000.0,Indian,b3afb3a2-4497-4a1b-91e4-a71ffd54556d
jaydev unadkat,9.0,102.0,26.0,88.0,0.0,0.0,9.0,3.0,2.0,115.90909090909092,178.0,1602.0,53.0,0.0,1.0,5.0,1068.0,30.22641509433962,20.150943396226417,51.0,51.0,Bowler,30000000.0,Indian,db1db81e-9f89-4c75-9115-880856d9dfb1
jhye richardson,0.0,15.0,15.0,24.0,0.0,0.0,2.0,0.0,5.0,62.5,11.0,117.0,3.0,0.0,0.0,2.0,66.0,39.0,22.0,3.0,3.0,Bowler,140000000.0,Overseas,cbcfbad1-e0a3-4501-8c10-b5a48133af1b
joe denly,0.0,0.0,0.0,1.0,0.0,0.0,0.0,0.0,0.0,0.0,0.0,0.0,0.0,0.0,0.0,0.0,0.0,0.0,0.0,1.0,1.0,Batsman,10000000.0,Overseas,dd4046f5-791f-46a4-a354-c86a171176c6
jofra archer,10.0,195.0,27.0,124.0,0.0,0.0,11.0,14.0,5.571428571428571,157.25806451612905,137.0,981.0,46.0,0.0,0.0,3.0,822.0,21.32608695652174,17.869565217391305,35.0,35.0,All-Rounder,72000000.0,Overseas,bb8536fb-668a-434c-a6b2-f9344443d828
jonny bairstow,3.0,1038.0,114.0,730.0,1.0,7.0,99.0,46.0,37.07142857142857,142.1917808219178,0.0,0.0,0.0,0.0,0.0,0.0,0.0,0.0,0.0,28.0,28.0,Wicket Keeper,22000000.0,Overseas,1f4f5d17-2944-4982-be29-ffafddeacc9c
jos buttler,8.0,1968.0,124.0,1312.0,1.0,11.0,194.0,90.0,30.27692307692308,150.0,0.0,0.0,0.0,0.0,0.0,0.0,0.0,0.0,0.0,65.0,64.0,Wicket Keeper,44000000.0,Overseas,f3a7dd1d-5636-4a1d-aa6a-a188648e035e
kl rahul,13.0,2945.0,132.0,2094.0,2.0,27.0,258.0,126.0,42.68115942028986,140.639923591213,0.0,0.0,0.0,0.0,0.0,0.0,0.0,0.0,0.0,69.0,67.0,Batsman,110000000.0,Indian,5b9af6a4-037b-4e7f-9aa6-a80fc6796d57
kagiso rabada,7.0,138.0,44.0,134.0,0.0,0.0,11.0,4.0,2.76,102.98507462686568,189.0,1560.0,76.0,2.0,0.0,4.0,1134.0,20.526315789473685,14.921052631578949,50.0,50.0,Bowler,42000000.0,Overseas,14ad03ca-9524-446c-9810-0f0a19675977
kamlesh nagarkoti,3.0,22.0,8.0,33.0,0.0,0.0,1.0,0.0,2.0,66.66666666666666,26.0,231.0,5.0,0.0,0.0,2.0,156.0,46.2,31.2,11.0,9.0,All-Rounder,32000000.0,Indian,96a32fa6-9ff8-43b9-a33a-cc09a15ff994
kane richardson,1.0,1.0,1.0,1.0,0.0,0.0,0.0,0.0,0.25,100.0,17.0,165.0,8.0,0.0,0.0,3.0,102.0,20.625,12.75,5.0,5.0,Bowler,40000000.0,Overseas,d7d9090f-7e5d-4dbe-9d82-6549817092ae
kane williamson,14.0,1854.0,89.0,1409.0,0.0,17.0,165.0,55.0,30.393442622950815,131.58268275372603,0.0,0.0,0.0,0.0,0.0,0.0,0.0,0.0,0.0,61.0,60.0,Batsman,30000000.0,Overseas,37ae752b-ee5b-4ce2-a005-684d06110f62
karn sharma,3.0,85.0,26.0,71.0,0.0,0.0,8.0,3.0,6.071428571428571,119.71830985915491,61.0,501.0,23.0,1.0,0.0,4.0,366.0,21.782608695652176,15.91304347826087,21.0,20.0,Bowler,50000000.0,Indian,3934475e-a10f-42fa-882e-fd36ed3f5a0f
kartik tyagi,3.0,6.0,2.0,10.0,0.0,0.0,0.0,0.0,0.4285714285714285,60.0,52.0,491.0,13.0,0.0,0.0,2.0,312.0,37.76923076923077,24.0,14.0,14.0,Bowler,13000000.0,Indian,30d10725-2440-40a9-bc25-b78249c13665
karun nair,3.0,960.0,83.0,764.0,0.0,6.0,104.0,25.0,20.869565217391305,125.6544502617801,0.0,0.0,0.0,0.0,0.0,0.0,0.0,0.0,0.0,46.0,41.0,Batsman,5000000.0,Indian,bf4542dc-44a2-42d8-897a-a2076b8bf772
kedar jadhav,11.0,612.0,69.0,527.0,0.0,2.0,56.0,19.0,13.304347826086955,116.12903225806453,0.0,0.0,0.0,0.0,0.0,0.0,0.0,0.0,0.0,46.0,39.0,All-Rounder,20000000.0,Indian,bc7fe752-e718-4e9c-b6a7-0fb3d12b20b4
keemo paul,1.0,18.0,7.0,24.0,0.0,0.0,1.0,1.0,2.25,75.0,27.0,237.0,9.0,0.0,0.0,3.0,162.0,26.33333333333333,18.0,8.0,8.0,All-Rounder,5000000.0,Overseas,0845670e-4d7a-4b5a-8cf7-569448dc8007
kevin pietersen,2.0,73.0,37.0,61.0,0.0,0.0,4.0,3.0,18.25,119.67213114754098,0.0,0.0,0.0,0.0,0.0,0.0,0.0,0.0,0.0,4.0,4.0,Batsman,35000000.0,Overseas,0fae6ff0-ae8e-4f73-9b5b-88a28c05825e
kieron pollard,26.0,1517.0,87.0,1003.0,0.0,8.0,92.0,105.0,17.847058823529412,151.24626121635097,34.0,285.0,9.0,0.0,0.0,4.0,204.0,31.666666666666668,22.666666666666668,85.0,75.0,All-Rounder,54000000.0,Overseas,be7b2099-e9bd-4923-95e7-4239afc20afd
krishnappa gowtham,6.0,186.0,33.0,110.0,0.0,0.0,13.0,12.0,7.75,169.0909090909091,68.0,562.0,13.0,0.0,0.0,2.0,408.0,43.23076923076923,31.384615384615383,24.0,24.0,All-Rounder,92500000.0,Indian,2a9005cd-19f9-46ce-b2d4-bfccc472ef90
krunal pandya,22.0,1143.0,86.0,825.0,0.0,1.0,105.0,46.0,13.607142857142856,138.54545454545456,240.0,1773.0,51.0,0.0,0.0,3.0,1440.0,34.76470588235294,28.235294117647054,84.0,81.0,All-Rounder,88000000.0,Indian,cc81424e-4f18-46c9-8167-e43c473842f5
kuldeep yadav,5.0,57.0,16.0,75.0,0.0,0.0,5.0,0.0,1.3571428571428572,76.0,149.0,1236.0,40.0,1.0,0.0,4.0,894.0,30.9,22.35,45.0,43.0,Bowler,58000000.0,Indian,4cc633ae-2d6d-417d-990d-b1e7aadae046
kuldip yadav,1.0,0.0,0.0,4.0,0.0,0.0,0.0,0.0,0.0,0.0,0.0,0.0,0.0,0.0,0.0,0.0,0.0,0.0,0.0,1.0,1.0,Bowler,2000000.0,Indian,29f52a87-d7d0-4dcc-b114-25187b895221
kyle abbott,2.0,13.0,12.0,8.0,0.0,0.0,0.0,1.0,2.6,162.5,16.0,177.0,2.0,0.0,0.0,1.0,96.0,88.5,48.0,5.0,5.0,Bowler,21000000.0,Overseas,8b305029-15af-4bdf-ae65-ed9c3f572e7f
kyle jamieson,3.0,65.0,16.0,55.0,0.0,0.0,5.0,3.0,7.222222222222222,118.18181818181819,28.0,269.0,9.0,0.0,0.0,3.0,168.0,29.88888888888889,18.666666666666668,9.0,9.0,All-Rounder,150000000.0,Overseas,db0b61ec-0097-49ee-94a9-6bb7ee74db39
lalit yadav,3.0,68.0,22.0,73.0,0.0,0.0,7.0,0.0,9.714285714285714,93.15068493150686,14.0,101.0,4.0,0.0,0.0,2.0,84.0,25.25,21.0,7.0,5.0,All-Rounder,2000000.0,Indian,e73406f4-f0fe-4d4f-b180-0d69038df16b
lasith malinga,2.0,7.0,7.0,3.0,0.0,0.0,0.0,1.0,0.5833333333333333,233.33333333333331,90.0,820.0,27.0,2.0,0.0,5.0,540.0,30.37037037037037,20.0,24.0,24.0,Bowler,20000000.0,Overseas,867bd7a9-2041-47e0-a688-a9dc78d38dfb
liam livingstone,1.0,113.0,44.0,89.0,0.0,0.0,9.0,6.0,12.555555555555555,126.96629213483146,0.0,0.0,0.0,0.0,0.0,0.0,0.0,0.0,0.0,9.0,9.0,All-Rounder,7500000.0,Overseas,ccbf19f9-2fca-4328-8291-5a5cee36ef40
lockie ferguson,6.0,62.0,24.0,41.0,0.0,0.0,5.0,2.0,3.647058823529412,151.21951219512195,80.0,648.0,24.0,0.0,0.0,3.0,480.0,27.0,20.0,22.0,22.0,Bowler,16000000.0,Overseas,390ad0a5-038e-4274-a34d-f36fdb59680d
mahipal lomror,2.0,181.0,47.0,151.0,0.0,0.0,8.0,9.0,16.454545454545453,119.86754966887416,7.0,47.0,1.0,0.0,0.0,1.0,42.0,47.0,42.0,11.0,10.0,All-Rounder,2000000.0,Indian,b4f2db19-d840-47b5-8642-1741cae54a0e
manan vohra,0.0,487.0,95.0,376.0,0.0,2.0,49.0,18.0,18.730769230769234,129.52127659574467,0.0,0.0,0.0,0.0,0.0,0.0,0.0,0.0,0.0,26.0,24.0,Batsman,2000000.0,Indian,8bcae49d-9ede-4839-b018-acfc139376e0
mandeep singh,12.0,750.0,66.0,606.0,0.0,2.0,59.0,23.0,16.304347826086957,123.76237623762376,0.0,0.0,0.0,0.0,0.0,0.0,0.0,0.0,0.0,46.0,43.0,All-Rounder,14000000.0,Indian,c516ce75-859f-4b76-baae-497f55d22cf3
manish pandey,17.0,1989.0,83.0,1569.0,0.0,16.0,157.0,60.0,25.83116883116883,126.76864244741874,0.0,0.0,0.0,0.0,0.0,0.0,0.0,0.0,0.0,77.0,71.0,Batsman,110000000.0,Indian,4439a3c8-157e-4d20-a3e9-94e36834754b
manoj tiwary,4.0,371.0,60.0,280.0,0.0,2.0,35.0,12.0,18.55,132.5,0.0,0.0,0.0,0.0,0.0,0.0,0.0,0.0,0.0,20.0,17.0,Batsman,10000000.0,Indian,74c1f992-c8b7-48f9-b15e-5ed88d56c734
marco jansen,0.0,0.0,0.0,3.0,0.0,0.0,0.0,0.0,0.0,0.0,6.0,45.0,2.0,0.0,0.0,2.0,36.0,22.5,18.0,2.0,2.0,All-Rounder,2000000.0,Overseas,08c3640a-5381-4001-b2cd-d079c1918d5a
marcus stoinis,16.0,914.0,65.0,673.0,0.0,4.0,76.0,35.0,16.321428571428573,135.80980683506687,100.0,969.0,30.0,1.0,0.0,4.0,600.0,32.3,20.0,56.0,49.0,All-Rounder,48000000.0,Overseas,092d4a5d-9e8e-44d7-9180-8b849596dd6c
mark wood,0.0,1.0,1.0,3.0,0.0,0.0,0.0,0.0,1.0,33.33333333333333,0.0,0.0,0.0,0.0,0.0,0.0,0.0,0.0,0.0,1.0,1.0,Bowler,15000000.0,Overseas,f9557433-5da7-4dcb-9b05-f827c1f3c8d6
martin guptill,1.0,270.0,50.0,196.0,0.0,1.0,24.0,15.0,20.769230769230766,137.75510204081633,0.0,0.0,0.0,0.0,0.0,0.0,0.0,0.0,0.0,13.0,13.0,Batsman,10000000.0,Overseas,fa2a2fe3-44aa-4c14-825d-35f8f456b221
mayank agarwal,2.0,1370.0,106.0,965.0,1.0,8.0,127.0,53.0,25.849056603773583,141.96891191709844,0.0,0.0,0.0,0.0,0.0,0.0,0.0,0.0,0.0,53.0,53.0,Batsman,10000000.0,Indian,17991716-2875-4154-afb7-398167523e31
mayank markande,5.0,27.0,7.0,29.0,0.0,0.0,3.0,0.0,1.5882352941176472,93.10344827586208,50.0,427.0,16.0,1.0,0.0,4.0,300.0,26.6875,18.75,17.0,17.0,Bowler,2000000.0,Indian,6058354d-ea6b-4c00-97dd-639ed6bfa848
mitchell johnson,6.0,41.0,13.0,42.0,0.0,0.0,3.0,1.0,2.928571428571429,97.61904761904762,52.0,463.0,11.0,0.0,0.0,3.0,312.0,42.09090909090909,28.363636363636363,14.0,14.0,Bowler,20000000.0,Overseas,62716953-5916-420f-acb0-e29c4d5ae610
mitchell marsh,0.0,7.0,7.0,12.0,0.0,0.0,0.0,0.0,1.75,58.33333333333333,9.0,45.0,4.0,0.0,0.0,4.0,54.0,11.25,13.5,4.0,3.0,All-Rounder,20000000.0,Overseas,719eb9f4-47a9-4ef4-99b3-1b792fd84b79
mitchell mcclenaghan,9.0,72.0,20.0,64.0,0.0,0.0,5.0,5.0,1.6363636363636365,112.5,165.0,1417.0,53.0,1.0,0.0,4.0,990.0,26.73584905660377,18.67924528301887,44.0,44.0,Bowler,3000000.0,Overseas,9b501651-0848-46ef-8161-b2a1a3bb9c24
mitchell santner,1.0,32.0,22.0,23.0,0.0,0.0,0.0,3.0,8.0,139.1304347826087,21.0,147.0,6.0,0.0,0.0,2.0,126.0,24.5,21.0,6.0,6.0,All-Rounder,5000000.0,Overseas,b3548d5b-d232-4b8b-a69c-3b73ab9f3150
moeen ali,3.0,666.0,66.0,455.0,0.0,4.0,52.0,42.0,19.58823529411765,146.37362637362637,68.0,469.0,16.0,0.0,0.0,3.0,408.0,29.3125,25.5,34.0,32.0,All-Rounder,70000000.0,Overseas,bf574e1b-0d2b-40eb-b258-9ae5b0c4ba9a
mohammad nabi,2.0,180.0,31.0,119.0,0.0,0.0,16.0,9.0,10.588235294117649,151.26050420168067,53.0,385.0,13.0,1.0,0.0,4.0,318.0,29.615384615384617,24.46153846153846,17.0,16.0,All-Rounder,10000000.0,Overseas,6f82de78-aa2d-4418-b744-4e8ed23bb97f
mohammad shami,10.0,61.0,21.0,56.0,0.0,0.0,5.0,2.0,0.9838709677419354,108.92857142857144,224.0,1955.0,71.0,0.0,0.0,3.0,1344.0,27.535211267605632,18.92957746478873,62.0,62.0,Bowler,48000000.0,Indian,24d5b6f2-0406-44cf-8f1e-9decaa706182
mohammed siraj,10.0,66.0,14.0,76.0,0.0,0.0,5.0,2.0,1.5,86.84210526315789,171.0,1437.0,50.0,1.0,0.0,4.0,1026.0,28.74,20.52,50.0,50.0,Bowler,26000000.0,Indian,5451983b-8dfb-448b-a9d1-79744a952fb8
mohit sharma,7.0,93.0,15.0,91.0,0.0,0.0,7.0,2.0,2.447368421052632,102.1978021978022,129.0,1211.0,35.0,0.0,0.0,4.0,774.0,34.6,22.114285714285717,39.0,39.0,Bowler,5000000.0,Indian,c1efd483-446c-4f6c-9652-e140076bed75
moises henriques,10.0,490.0,55.0,393.0,0.0,3.0,43.0,11.0,14.411764705882351,124.6819338422392,86.0,708.0,17.0,0.0,0.0,3.0,516.0,41.64705882352941,30.352941176470587,34.0,34.0,All-Rounder,42000000.0,Overseas,0a01bc64-7526-42c7-a142-07bb51d4844d
morne morkel,2.0,1.0,1.0,1.0,0.0,0.0,0.0,0.0,0.1,100.0,35.0,297.0,10.0,0.0,0.0,4.0,210.0,29.7,21.0,10.0,10.0,Bowler,28000000.0,Overseas,921fadf9-11e2-4dea-8f2f-8457505376e3
munaf patel,0.0,0.0,0.0,1.0,0.0,0.0,0.0,0.0,0.0,0.0,7.0,57.0,1.0,0.0,0.0,5.0,42.0,57.0,42.0,2.0,2.0,Bowler,3000000.0,Indian,0d78dfa4-b922-4745-8fbc-79b816521a10
murali vijay,1.0,561.0,89.0,478.0,0.0,5.0,60.0,12.0,28.05,117.36401673640168,0.0,0.0,0.0,0.0,0.0,0.0,0.0,0.0,0.0,20.0,20.0,Batsman,20000000.0,Indian,4e384d87-d0f6-4969-bb9c-d17dd696f598
mustafizur rahman,6.0,9.0,8.0,17.0,0.0,0.0,0.0,1.0,0.4285714285714285,52.94117647058824,140.0,1087.0,38.0,0.0,0.0,3.0,840.0,28.605263157894736,22.105263157894736,37.0,37.0,Bowler,10000000.0,Overseas,5628bd86-98cf-4af5-8245-36cba32bc10b
naman ojha,4.0,216.0,37.0,207.0,0.0,0.0,9.0,8.0,6.75,104.34782608695652,0.0,0.0,0.0,0.0,0.0,0.0,0.0,0.0,0.0,32.0,19.0,Wicket Keeper,14000000.0,Indian,853a2d14-a799-4396-bfa8-9157646703cf
nathan coulter-nile,3.0,52.0,24.0,46.0,0.0,0.0,5.0,2.0,2.166666666666667,113.04347826086956,89.0,675.0,30.0,1.0,0.0,4.0,534.0,22.5,17.8,24.0,24.0,Bowler,50000000.0,Overseas,580623ca-2fa9-42c5-9a18-9ac98959b802
navdeep saini,3.0,31.0,12.0,35.0,0.0,0.0,3.0,0.0,1.1071428571428572,88.57142857142857,93.0,776.0,17.0,0.0,0.0,2.0,558.0,45.64705882352941,32.8235294117647,28.0,26.0,Bowler,30000000.0,Indian,c94f6716-b306-4aa7-8ac2-ec0093e4eb95
nitish rana,7.0,1820.0,87.0,1374.0,0.0,13.0,161.0,89.0,23.63636363636364,132.45997088791847,14.0,116.0,7.0,0.0,0.0,2.0,84.0,16.571428571428573,12.0,77.0,71.0,All-Rounder,34000000.0,Indian,ff827ad1-0354-4efc-bc6f-751d1f564fa8
parthiv patel,1.0,1098.0,81.0,822.0,0.0,6.0,140.0,26.0,23.869565217391305,133.57664233576642,0.0,0.0,0.0,0.0,0.0,0.0,0.0,0.0,0.0,46.0,46.0,Wicket Keeper,17000000.0,Indian,596781aa-b5d2-490a-be52-139187669db6
parveez rasool,0.0,10.0,10.0,9.0,0.0,0.0,1.0,0.0,2.5,111.11111111111111,14.0,129.0,1.0,0.0,0.0,1.0,84.0,129.0,84.0,4.0,4.0,All-Rounder,9500000.0,Indian,31286b66-4e3b-41d7-9834-c799476cdce5
pat cummins,10.0,316.0,66.0,223.0,0.0,2.0,19.0,20.0,9.575757575757578,141.70403587443946,125.0,1019.0,36.0,1.0,0.0,4.0,750.0,28.30555555555556,20.83333333333333,33.0,33.0,All-Rounder,155000000.0,Overseas,a8002eb4-c7b7-4be2-817f-05fd3ab61b24
pawan negi,6.0,213.0,35.0,187.0,0.0,0.0,13.0,10.0,7.344827586206896,113.90374331550802,56.0,432.0,21.0,0.0,0.0,4.0,336.0,20.571428571428573,16.0,29.0,23.0,All-Rounder,5000000.0,Indian,977635e2-ee70-4354-b5e0-3c4b0f60f8b6
peter handscomb,0.0,6.0,6.0,12.0,0.0,0.0,0.0,0.0,3.0,50.0,0.0,0.0,0.0,0.0,0.0,0.0,0.0,0.0,0.0,2.0,1.0,Wicket Keeper,3000000.0,Overseas,f436e3e8-1f71-417f-91c5-78b28d99293c
piyush chawla,5.0,98.0,14.0,105.0,0.0,0.0,9.0,3.0,2.0851063829787235,93.33333333333331,173.0,1492.0,48.0,0.0,0.0,4.0,1038.0,31.08333333333333,21.625,54.0,53.0,Bowler,24000000.0,Indian,49e29c91-8e06-43bd-b24f-a8fa0c1a54ca
prabhsimran singh,0.0,50.0,16.0,55.0,0.0,0.0,4.0,2.0,10.0,90.9090909090909,0.0,0.0,0.0,0.0,0.0,0.0,0.0,0.0,0.0,5.0,5.0,Wicket Keeper,5500000.0,Indian,49696534-fd3b-4c00-8caa-8adb307e7f2a
pradeep sangwan,1.0,2.0,1.0,8.0,0.0,0.0,0.0,0.0,0.3333333333333333,25.0,18.0,181.0,5.0,0.0,0.0,3.0,108.0,36.2,21.6,6.0,5.0,Bowler,15000000.0,Indian,04675bd9-7886-4e6b-aed3-f5ad0514ca36
prashant chopra,0.0,8.0,8.0,6.0,0.0,0.0,2.0,0.0,8.0,133.33333333333331,0.0,0.0,0.0,0.0,0.0,0.0,0.0,0.0,0.0,1.0,1.0,Wicket Keeper,2000000.0,Indian,e12f2639-7d34-4428-b9c2-443ff7d543ec
praveen kumar,4.0,36.0,15.0,36.0,0.0,0.0,4.0,0.0,1.6363636363636365,100.0,67.0,552.0,15.0,0.0,0.0,3.0,402.0,36.8,26.8,22.0,22.0,Bowler,35000000.0,Indian,775dc4fa-7043-45d6-95fa-d42dc10c32db
pravin tambe,1.0,7.0,7.0,19.0,0.0,0.0,1.0,0.0,1.0,36.84210526315789,16.0,143.0,5.0,0.0,0.0,4.0,96.0,28.6,19.2,7.0,7.0,Bowler,2000000.0,Indian,b1c9a4ac-22c0-430b-8006-8f29f6f76968
prayas ray barman,0.0,19.0,19.0,24.0,0.0,0.0,2.0,0.0,19.0,79.16666666666666,0.0,0.0,0.0,0.0,0.0,0.0,0.0,0.0,0.0,1.0,1.0,All-Rounder,15000000.0,Indian,cc9f005f-5264-4200-9685-283006118a38
prithvi raj yarra,1.0,0.0,0.0,1.0,0.0,0.0,0.0,0.0,0.0,0.0,5.0,57.0,1.0,0.0,0.0,1.0,30.0,57.0,30.0,2.0,2.0,Bowler,2000000.0,Indian,6ea93a9b-d503-47b1-986a-6027aeab29cd
prithvi shaw,0.0,1305.0,99.0,892.0,0.0,10.0,155.0,45.0,24.62264150943396,146.30044843049328,0.0,0.0,0.0,0.0,0.0,0.0,0.0,0.0,0.0,53.0,53.0,Batsman,12000000.0,Indian,2451eb52-fa22-4758-a396-50cf5ca14bce
priyam garg,1.0,205.0,51.0,185.0,0.0,1.0,11.0,7.0,10.789473684210526,110.8108108108108,0.0,0.0,0.0,0.0,0.0,0.0,0.0,0.0,0.0,19.0,15.0,Batsman,19000000.0,Indian,227343b3-46a1-4398-8c7b-95b73bbf0983
quinton de kock,5.0,1975.0,108.0,1501.0,1.0,14.0,192.0,75.0,30.859375,131.57894736842104,0.0,0.0,0.0,0.0,0.0,0.0,0.0,0.0,0.0,64.0,64.0,Wicket Keeper,28000000.0,Overseas,16d40914-02f4-4112-b1d9-8384c6b532e7
rahul chahar,4.0,31.0,10.0,32.0,0.0,0.0,3.0,0.0,0.738095238095238,96.875,150.0,1117.0,43.0,1.0,0.0,4.0,900.0,25.976744186046517,20.930232558139537,42.0,41.0,Bowler,19000000.0,Indian,8e2c4889-9638-430d-9daa-de3e2a9793fa
rahul tewatia,12.0,505.0,53.0,406.0,0.0,1.0,35.0,25.0,11.477272727272728,124.38423645320196,120.0,930.0,29.0,0.0,0.0,3.0,720.0,32.06896551724138,24.82758620689655,44.0,41.0,All-Rounder,30000000.0,Indian,4ee00720-aaf8-4a2d-b9e3-fd7998da1f20
rahul tripathi,7.0,1385.0,93.0,1016.0,0.0,7.0,136.0,48.0,22.338709677419356,136.3188976377953,0.0,0.0,0.0,0.0,0.0,0.0,0.0,0.0,0.0,62.0,60.0,Batsman,6000000.0,Indian,54321b04-37d4-469d-a988-ce3260d6b3a5
rajagopal sathish,0.0,24.0,10.0,24.0,0.0,0.0,1.0,1.0,6.0,100.0,6.0,59.0,1.0,0.0,0.0,1.0,36.0,59.0,36.0,4.0,3.0,All-Rounder,2000000.0,Indian,4f09d039-fb7d-499f-8fa7-a4c0e4dd41c0
rajat bhatia,6.0,50.0,21.0,37.0,0.0,0.0,1.0,3.0,3.8461538461538463,135.13513513513513,41.0,299.0,8.0,0.0,0.0,4.0,246.0,37.375,30.75,13.0,13.0,All-Rounder,6000000.0,Indian,afb29de7-962d-4997-a8c3-68763bd3125b
rajat patidar,0.0,71.0,31.0,62.0,0.0,0.0,3.0,3.0,17.75,114.51612903225806,0.0,0.0,0.0,0.0,0.0,0.0,0.0,0.0,0.0,4.0,4.0,Batsman,2000000.0,Indian,15b59d03-1bad-4aa4-b06a-5e4621505e97
ravi bishnoi,2.0,8.0,6.0,16.0,0.0,0.0,1.0,0.0,0.3478260869565217,50.0,86.0,598.0,24.0,0.0,0.0,3.0,516.0,24.916666666666668,21.5,23.0,23.0,Bowler,20000000.0,Indian,050cc6cc-1266-4a55-864a-cdc63c63cfed
ravichandran ashwin,11.0,266.0,45.0,213.0,0.0,0.0,18.0,11.0,3.8,124.88262910798122,244.0,1851.0,55.0,1.0,0.0,4.0,1464.0,33.654545454545456,26.618181818181817,70.0,70.0,All-Rounder,76000000.0,Overseas,223675da-9a0a-4230-83f0-2d46694c5a4f
ricky bhui,0.0,7.0,7.0,17.0,0.0,0.0,0.0,0.0,3.5,41.1764705882353,0.0,0.0,0.0,0.0,0.0,0.0,0.0,0.0,0.0,2.0,2.0,Batsman,2000000.0,Overseas,8940894a-4dad-4422-b33f-9e11610202e0
rinku singh,1.0,77.0,30.0,76.0,0.0,0.0,6.0,2.0,7.7,101.3157894736842,0.0,0.0,0.0,0.0,0.0,0.0,0.0,0.0,0.0,10.0,8.0,Batsman,8000000.0,Indian,233c3ffa-6cd3-4b3c-8e47-3b009d055a2b
ripal patel,1.0,25.0,18.0,27.0,0.0,0.0,3.0,0.0,12.5,92.59259259259261,0.0,0.0,0.0,0.0,0.0,0.0,0.0,0.0,0.0,2.0,2.0,All-Rounder,2000000.0,Indian,927802d7-d414-4e1e-85ec-ccf6f6add4df
rishabh pant,13.0,2498.0,128.0,1694.0,1.0,15.0,225.0,113.0,29.73809523809524,147.4616292798111,0.0,0.0,0.0,0.0,0.0,0.0,0.0,0.0,0.0,84.0,84.0,Wicket Keeper,19000000.0,Indian,226cc4bc-786a-47f5-bf99-8a0810a17479
rishi dhawan,2.0,14.0,11.0,6.0,0.0,0.0,0.0,1.0,7.0,233.33333333333331,7.0,56.0,2.0,0.0,0.0,2.0,42.0,28.0,21.0,2.0,2.0,All-Rounder,5500000.0,Indian,8f8650da-34a0-46c5-a1e4-2fd809e5e20a
riyan parag,3.0,339.0,50.0,286.0,0.0,1.0,29.0,12.0,11.3,118.53146853146852,20.0,194.0,3.0,0.0,0.0,1.0,120.0,64.66666666666667,40.0,30.0,23.0,All-Rounder,2000000.0,Indian,26ff96c6-59c8-4888-9403-465243ba1bc3
robin uthappa,2.0,1726.0,87.0,1282.0,0.0,11.0,166.0,72.0,23.64383561643836,134.6333853354134,0.0,0.0,0.0,0.0,0.0,0.0,0.0,0.0,0.0,73.0,71.0,Batsman,30000000.0,Indian,b6043592-69c3-4e8c-a945-34f38dd631fe
ruturaj gaikwad,4.0,839.0,101.0,635.0,1.0,7.0,80.0,29.0,38.13636363636364,132.1259842519685,0.0,0.0,0.0,0.0,0.0,0.0,0.0,0.0,0.0,22.0,22.0,Batsman,2000000.0,Indian,3cef0aaa-906b-4050-a466-3d4e5f65473f
sachin baby,1.0,141.0,33.0,111.0,0.0,0.0,11.0,5.0,9.4,127.02702702702705,1.0,8.0,2.0,0.0,0.0,2.0,6.0,4.0,3.0,15.0,10.0,Batsman,2000000.0,Indian,5030f1f2-1a8e-406e-afa7-13c64b574500
sam billings,0.0,334.0,56.0,250.0,0.0,3.0,31.0,10.0,15.18181818181818,133.6,0.0,0.0,0.0,0.0,0.0,0.0,0.0,0.0,0.0,22.0,19.0,Wicket Keeper,20000000.0,Overseas,e55da227-6b7b-44a9-a5ec-f68341048774
sam curran,8.0,337.0,55.0,225.0,0.0,2.0,30.0,18.0,10.53125,149.77777777777777,108.0,995.0,32.0,1.0,0.0,4.0,648.0,31.09375,20.25,32.0,31.0,All-Rounder,55000000.0,Overseas,6abf832f-773e-4438-9fd5-f15bd51fd4ef
samuel badree,0.0,13.0,8.0,23.0,0.0,0.0,0.0,0.0,1.8571428571428568,56.52173913043478,25.0,188.0,9.0,1.0,0.0,4.0,150.0,20.88888888888889,16.666666666666668,7.0,7.0,Bowler,5000000.0,Overseas,5a86a502-f6af-46a1-b2e4-08464c18830c
sandeep lamichhane,0.0,0.0,0.0,1.0,0.0,0.0,0.0,0.0,0.0,0.0,35.0,292.0,13.0,0.0,0.0,3.0,210.0,22.46153846153846,16.153846153846153,9.0,9.0,Bowler,2000000.0,Overseas,d1e499c4-2107-4956-85fc-129f2c43a454
sandeep sharma,15.0,41.0,9.0,44.0,0.0,0.0,3.0,0.0,0.5857142857142857,93.18181818181817,259.0,2026.0,73.0,1.0,0.0,4.0,1554.0,27.753424657534246,21.28767123287671,70.0,70.0,Bowler,30000000.0,Indian,aae20e56-6c45-47cf-8b8d-e0054c51746a
sanju samson,9.0,2319.0,119.0,1672.0,3.0,11.0,176.0,102.0,27.939759036144576,138.69617224880383,0.0,0.0,0.0,0.0,0.0,0.0,0.0,0.0,0.0,83.0,83.0,Wicket Keeper,80000000.0,Indian,8be027ce-6306-4088-bf21-f634cc76c093
saurabh tiwary,2.0,440.0,57.0,361.0,0.0,4.0,44.0,9.0,19.130434782608692,121.88365650969529,0.0,0.0,0.0,0.0,0.0,0.0,0.0,0.0,0.0,23.0,17.0,Batsman,5000000.0,Indian,8e57b5e5-ec2e-4751-96be-572748ed6b30
shadab jakati,1.0,1.0,1.0,2.0,0.0,0.0,0.0,0.0,0.1666666666666666,50.0,20.0,178.0,2.0,0.0,0.0,4.0,120.0,89.0,60.0,6.0,6.0,All-Rounder,2000000.0,Indian,66a148e9-9db5-4bbd-835f-f5f2c77d4da7
shahbaz nadeem,4.0,16.0,6.0,31.0,0.0,0.0,1.0,0.0,0.64,51.61290322580645,83.0,711.0,19.0,0.0,0.0,3.0,498.0,37.42105263157895,26.210526315789476,28.0,28.0,Bowler,32000000.0,Indian,683f8fde-08ef-4715-8539-aa77118d2aa2
shahrukh khan,3.0,153.0,47.0,114.0,0.0,0.0,9.0,10.0,13.909090909090908,134.21052631578948,0.0,0.0,0.0,0.0,0.0,0.0,0.0,0.0,0.0,11.0,10.0,All-Rounder,52500000.0,Indian,3bd315bb-a299-4c91-bf7a-5547a49be443
shakib al hasan,6.0,410.0,66.0,362.0,0.0,1.0,36.0,11.0,10.512820512820513,113.25966850828728,125.0,981.0,25.0,0.0,0.0,3.0,750.0,39.24,30.0,39.0,37.0,All-Rounder,32000000.0,Overseas,fed33626-3d2e-428b-89f4-42caa8c8272c
shane watson,5.0,1502.0,117.0,1130.0,2.0,7.0,139.0,81.0,22.417910447761194,132.92035398230087,111.0,981.0,31.0,1.0,0.0,4.0,666.0,31.64516129032258,21.483870967741936,67.0,65.0,All-Rounder,40000000.0,Overseas,05458999-b29d-4022-85b7-a9a1311d8551
shardul thakur,5.0,46.0,15.0,41.0,0.0,0.0,4.0,1.0,0.7666666666666666,112.19512195121952,206.0,1829.0,66.0,0.0,0.0,3.0,1236.0,27.71212121212121,18.727272727272727,60.0,59.0,Bowler,26000000.0,Indian,fd81880e-34d3-4102-a5ad-e46498c49f7d
shaun marsh,1.0,423.0,84.0,328.0,0.0,3.0,49.0,9.0,28.2,128.96341463414635,0.0,0.0,0.0,0.0,0.0,0.0,0.0,0.0,0.0,15.0,14.0,Batsman,22000000.0,Overseas,8ac64267-72a7-4427-9b47-6b8253352fa8
sheldon cottrell,0.0,0.0,0.0,2.0,0.0,0.0,0.0,0.0,0.0,0.0,20.0,176.0,6.0,0.0,0.0,2.0,120.0,29.33333333333333,20.0,6.0,6.0,Bowler,85000000.0,Overseas,c2d3342a-f3c7-41c2-9627-df49e3aa8acf
sheldon jackson,1.0,38.0,16.0,31.0,0.0,0.0,5.0,0.0,9.5,122.58064516129032,0.0,0.0,0.0,0.0,0.0,0.0,0.0,0.0,0.0,4.0,3.0,Wicket Keeper,2000000.0,Indian,d9f73f9b-3dfb-4ae8-a9f0-2943be0473cf
sherfane rutherford,2.0,73.0,28.0,54.0,0.0,0.0,2.0,7.0,10.428571428571429,135.1851851851852,7.0,59.0,1.0,0.0,0.0,1.0,42.0,59.0,42.0,7.0,7.0,All-Rounder,20000000.0,Overseas,49993cdd-2cb7-4c86-9150-aaa8d8c2c8cd
shikhar dhawan,13.0,3203.0,106.0,2450.0,2.0,23.0,357.0,70.0,33.36458333333333,130.73469387755102,0.0,0.0,0.0,0.0,0.0,0.0,0.0,0.0,0.0,96.0,96.0,Batsman,52000000.0,Indian,e6e6c21a-9fa3-44f1-bd26-8a375a90c145
shimron hetmyer,9.0,517.0,75.0,342.0,0.0,2.0,34.0,31.0,16.677419354838708,151.16959064327483,0.0,0.0,0.0,0.0,0.0,0.0,0.0,0.0,0.0,31.0,29.0,Batsman,77500000.0,Overseas,d43e042a-2635-4612-8e55-23e0075ec5cc
shivam dube,4.0,399.0,64.0,331.0,0.0,1.0,24.0,22.0,16.625,120.54380664652568,9.0,73.0,4.0,0.0,0.0,2.0,54.0,18.25,13.5,24.0,22.0,All-Rounder,44000000.0,Indian,1919874b-47df-4b72-ad1e-834c619f1c2c
shivam mavi,2.0,48.0,20.0,49.0,0.0,0.0,4.0,2.0,1.8461538461538465,97.95918367346938,86.0,715.0,25.0,1.0,0.0,4.0,516.0,28.6,20.64,26.0,26.0,All-Rounder,30000000.0,Indian,cb4a9088-234f-4b3d-b98f-297662ab1a9e
shivil kaushik,1.0,0.0,0.0,1.0,0.0,0.0,0.0,0.0,0.0,0.0,23.0,192.0,6.0,0.0,0.0,3.0,138.0,32.0,23.0,7.0,7.0,Bowler,1000000.0,Indian,83cd3d8e-e507-4633-83e0-49b10952d139
shreevats goswami,0.0,52.0,35.0,44.0,0.0,0.0,6.0,1.0,6.5,118.18181818181819,0.0,0.0,0.0,0.0,0.0,0.0,0.0,0.0,0.0,8.0,5.0,Wicket Keeper,10000000.0,Indian,8fc1f20d-fe38-4923-9a90-85af574bfa39
shreyas gopal,6.0,159.0,24.0,151.0,0.0,0.0,16.0,2.0,3.697674418604651,105.29801324503312,129.0,1010.0,41.0,1.0,0.0,4.0,774.0,24.634146341463413,18.87804878048781,43.0,38.0,All-Rounder,2000000.0,Indian,358794aa-9eb0-493d-b247-78e037444fd3
shreyas iyer,11.0,1936.0,96.0,1574.0,0.0,12.0,155.0,67.0,26.52054794520548,122.9987293519695,0.0,0.0,0.0,0.0,0.0,0.0,0.0,0.0,0.0,73.0,73.0,Batsman,26000000.0,Indian,e3f87bcd-01ad-4fd7-970f-416084265bf8
shubman gill,10.0,1417.0,76.0,1152.0,0.0,10.0,137.0,36.0,24.43103448275862,123.00347222222221,0.0,0.0,0.0,0.0,0.0,0.0,0.0,0.0,0.0,58.0,55.0,Batsman,18000000.0,Indian,53c388ec-56f0-459f-8134-b83b7774df02
siddarth kaul,5.0,11.0,7.0,25.0,0.0,0.0,1.0,0.0,0.2619047619047619,44.0,162.0,1400.0,52.0,1.0,0.0,4.0,972.0,26.923076923076923,18.692307692307693,43.0,43.0,Bowler,38000000.0,Indian,1160b3c9-3a87-4569-841a-9853dfc8e469
stuart binny,7.0,255.0,33.0,194.0,0.0,0.0,18.0,13.0,6.891891891891892,131.44329896907217,30.0,228.0,6.0,0.0,0.0,2.0,180.0,38.0,30.0,37.0,23.0,All-Rounder,5000000.0,Indian,e4668e05-4256-4fad-b9e6-8a60798909ad
suryakumar yadav,10.0,2020.0,82.0,1491.0,0.0,13.0,233.0,55.0,23.76470588235294,135.47954393024816,0.0,0.0,0.0,0.0,0.0,0.0,0.0,0.0,0.0,85.0,76.0,Batsman,32000000.0,Indian,b7a0f689-f883-459c-b6ef-235b7264ba60
swapnil singh,0.0,12.0,10.0,20.0,0.0,0.0,0.0,0.0,2.4,60.0,7.0,61.0,1.0,0.0,0.0,1.0,42.0,61.0,42.0,5.0,4.0,All-Rounder,1000000.0,Indian,832aa731-a355-41c4-bf44-839c1fa7f1ec
t natarajan,3.0,3.0,3.0,5.0,0.0,0.0,0.0,0.0,0.1875,60.0,83.0,688.0,20.0,0.0,0.0,2.0,498.0,34.4,24.9,24.0,24.0,Bowler,4000000.0,Indian,540c1d4f-59ab-4987-8d71-3c65e14e9f9e
thisara perera,3.0,150.0,34.0,93.0,0.0,0.0,7.0,11.0,12.5,161.29032258064515,33.0,326.0,9.0,0.0,0.0,3.0,198.0,36.22222222222222,22.0,12.0,11.0,All-Rounder,10000000.0,Overseas,612783e3-67fe-4290-9f93-d4dfa9060c31
tim southee,4.0,101.0,36.0,82.0,0.0,0.0,6.0,4.0,3.6071428571428568,123.17073170731707,103.0,899.0,21.0,0.0,0.0,3.0,618.0,42.80952380952381,29.428571428571427,28.0,28.0,Bowler,10000000.0,Overseas,44b56479-d03d-4186-bcb2-0f78d8eff6d1
tom banton,0.0,18.0,10.0,20.0,0.0,0.0,1.0,1.0,9.0,90.0,0.0,0.0,0.0,0.0,0.0,0.0,0.0,0.0,0.0,2.0,2.0,Batsman,10000000.0,Overseas,be74bdba-6964-406d-a499-8c71c94dce6b
tom curran,5.0,127.0,54.0,107.0,0.0,1.0,10.0,3.0,9.769230769230768,118.69158878504672,39.0,430.0,13.0,0.0,0.0,3.0,234.0,33.07692307692308,18.0,13.0,13.0,All-Rounder,52500000.0,Overseas,204870d6-d81f-47f5-82ca-ffdd6ef1d654
travis head,3.0,205.0,75.0,148.0,0.0,1.0,12.0,8.0,20.5,138.51351351351352,8.0,81.0,2.0,0.0,0.0,2.0,48.0,40.5,24.0,10.0,10.0,Batsman,5000000.0,Overseas,195bb5e1-5a0c-4c3b-b4fe-682ace799a22
trent boult,7.0,13.0,6.0,19.0,0.0,0.0,0.0,1.0,0.2407407407407407,68.42105263157895,207.0,1747.0,67.0,1.0,0.0,4.0,1242.0,26.074626865671643,18.53731343283582,55.0,55.0,Bowler,22000000.0,Overseas,260455a2-a071-4439-9195-6113c21371fd
tushar deshpande,1.0,21.0,20.0,12.0,0.0,0.0,2.0,1.0,4.2,175.0,17.0,192.0,3.0,0.0,0.0,2.0,102.0,64.0,34.0,5.0,5.0,Bowler,2000000.0,Indian,e120c2e6-2e8f-46b7-a979-7cffc4015ef6
tymal mills,0.0,8.0,6.0,11.0,0.0,0.0,0.0,1.0,1.6,72.72727272727272,18.0,153.0,5.0,0.0,0.0,2.0,108.0,30.6,21.6,5.0,5.0,Bowler,120000000.0,Overseas,cd63d7ac-5cb5-42f7-bdae-66a0820ec936
umesh yadav,11.0,47.0,14.0,56.0,0.0,0.0,3.0,2.0,0.94,83.92857142857143,165.0,1433.0,55.0,1.0,0.0,4.0,990.0,26.05454545454545,18.0,50.0,48.0,Bowler,10000000.0,Indian,b4d4ba5a-d225-4809-ad06-b687bd0a133f
unmukt chand,0.0,0.0,0.0,4.0,0.0,0.0,0.0,0.0,0.0,0.0,0.0,0.0,0.0,0.0,0.0,0.0,0.0,0.0,0.0,1.0,1.0,Batsman,6500000.0,Indian,5550c101-132e-4ce5-91a3-e784260c2dbb
varun aaron,3.0,8.0,4.0,27.0,0.0,0.0,0.0,0.0,0.5714285714285714,29.62962962962963,55.0,506.0,13.0,0.0,0.0,3.0,330.0,38.92307692307692,25.384615384615383,19.0,19.0,Bowler,24000000.0,Indian,cbf0f2a0-1405-4721-aa8e-541ba592d3e8
varun chakaravarthy,3.0,12.0,7.0,19.0,0.0,0.0,0.0,0.0,0.4,63.1578947368421,123.0,839.0,36.0,0.0,1.0,5.0,738.0,23.30555555555556,20.5,31.0,31.0,All-Rounder,40000000.0,Indian,098d722e-5f8c-4b30-a752-7774a824e1d9
venkatesh iyer,1.0,370.0,67.0,288.0,0.0,4.0,37.0,14.0,37.0,128.47222222222223,8.0,69.0,3.0,0.0,0.0,2.0,48.0,23.0,16.0,10.0,10.0,All-Rounder,2000000.0,Indian,9f8646a1-af0e-495d-bf1b-6ddc37ed5bef
vijay shankar,12.0,712.0,63.0,564.0,0.0,3.0,45.0,28.0,15.478260869565217,126.24113475177305,37.0,310.0,9.0,0.0,0.0,2.0,222.0,34.44444444444444,24.666666666666668,46.0,39.0,All-Rounder,32000000.0,Indian,2ac244f9-6142-4eab-80a6-d84be8ae0460
virat singh,0.0,15.0,11.0,26.0,0.0,0.0,1.0,0.0,5.0,57.692307692307686,0.0,0.0,0.0,0.0,0.0,0.0,0.0,0.0,0.0,3.0,2.0,Batsman,19000000.0,Indian,8d219629-3bb9-4a07-8b87-8e10063fe31e
vishnu vinod,0.0,19.0,9.0,26.0,0.0,0.0,1.0,1.0,6.333333333333333,73.07692307692307,0.0,0.0,0.0,0.0,0.0,0.0,0.0,0.0,0.0,3.0,3.0,Wicket Keeper,2000000.0,Indian,15dd0244-5fd1-4f5c-8bf3-75ef8b295cc5
washington sundar,10.0,217.0,35.0,195.0,0.0,0.0,17.0,6.0,5.166666666666666,111.28205128205128,125.0,867.0,27.0,0.0,0.0,3.0,750.0,32.111111111111114,27.77777777777778,42.0,41.0,All-Rounder,32000000.0,Indian,420b4949-37de-4f86-826a-76f96bd37bc9
wriddhiman saha,5.0,1057.0,93.0,847.0,0.0,5.0,110.0,21.0,19.218181818181815,124.79338842975208,0.0,0.0,0.0,0.0,0.0,0.0,0.0,0.0,0.0,55.0,51.0,Wicket Keeper,12000000.0,Indian,788629c0-e332-44da-ad07-9997ce864caa
yashasvi jaiswal,0.0,289.0,50.0,212.0,0.0,1.0,34.0,12.0,22.230769230769234,136.32075471698113,0.0,0.0,0.0,0.0,0.0,0.0,0.0,0.0,0.0,13.0,13.0,All-Rounder,24000000.0,Indian,606c3c78-6e62-40bb-9064-de52972ea606
yusuf pathan,20.0,804.0,63.0,608.0,0.0,4.0,65.0,31.0,14.618181818181817,132.23684210526315,12.0,88.0,3.0,0.0,0.0,3.0,72.0,29.33333333333333,24.0,55.0,45.0,All-Rounder,19000000.0,Indian,819e13d7-812e-42f4-b326-5d2e87b95a80
yuvraj singh,3.0,651.0,70.0,504.0,0.0,3.0,65.0,29.0,19.14705882352941,129.16666666666669,2.0,22.0,1.0,0.0,0.0,4.0,12.0,22.0,12.0,34.0,31.0,All-Rounder,10000000.0,Indian,9c89cda6-a537-4d1f-807d-c18f9972fc1c
zaheer khan,2.0,10.0,4.0,26.0,0.0,0.0,1.0,0.0,0.4347826086956521,38.46153846153847,83.0,650.0,20.0,0.0,0.0,4.0,498.0,32.5,24.9,23.0,23.0,Bowler,40000000.0,Indian,641eaff1-ceb2-4c36-ae63-6496a8d61ef9
anukul roy,0.0,0.0,0.0,0.0,0.0,0.0,0.0,0.0,0.0,0.0,2.0,11.0,1.0,0.0,0.0,1.0,12.0,11.0,12.0,1.0,1.0,All-Rounder,2000000.0,Indian,693b77c8-de99-4e67-870e-d94294e1b289
brad hogg,0.0,0.0,0.0,0.0,0.0,0.0,0.0,0.0,0.0,0.0,16.0,142.0,4.0,0.0,0.0,4.0,96.0,35.5,24.0,5.0,5.0,Bowler,5000000.0,Overseas,085cba35-7e5e-4de2-9f5a-e4564967a320
jason behrendorff,0.0,0.0,0.0,0.0,0.0,0.0,0.0,0.0,0.0,0.0,19.0,165.0,5.0,0.0,0.0,2.0,114.0,33.0,22.8,5.0,5.0,Bowler,15000000.0,Overseas,0ab7e3c1-c59e-4746-be0a-72827dd9c0a2
john hastings,0.0,0.0,0.0,0.0,0.0,0.0,0.0,0.0,0.0,0.0,6.0,37.0,2.0,0.0,0.0,2.0,36.0,18.5,18.0,2.0,2.0,Bowler,13000000.0,Overseas,92980c66-2970-4bfb-9f53-294ee3172bae
josh hazlewood,0.0,0.0,0.0,0.0,0.0,0.0,0.0,0.0,0.0,0.0,45.0,357.0,12.0,0.0,0.0,3.0,270.0,29.75,22.5,12.0,12.0,Bowler,20000000.0,Overseas,ece072f2-ac46-4f10-9a74-551448a9d446
kulwant khejroliya,0.0,0.0,0.0,0.0,0.0,0.0,0.0,0.0,0.0,0.0,16.0,154.0,3.0,0.0,0.0,2.0,96.0,51.333333333333336,32.0,5.0,5.0,Bowler,8500000.0,Indian,2181957d-d98e-4b54-aeb2-c42b770dd38f
matt henry,0.0,0.0,0.0,0.0,0.0,0.0,0.0,0.0,0.0,0.0,5.0,71.0,1.0,0.0,0.0,1.0,30.0,71.0,30.0,2.0,2.0,Bowler,5000000.0,Overseas,d35d6278-32a3-447b-bbef-582d0aee2730
nathu singh,0.0,0.0,0.0,0.0,0.0,0.0,0.0,0.0,0.0,0.0,4.0,15.0,1.0,0.0,0.0,1.0,24.0,15.0,24.0,2.0,2.0,Bowler,2000000.0,Indian,98a58235-019d-4c82-9367-8d7564df794a
oshane thomas,0.0,0.0,0.0,0.0,0.0,0.0,0.0,0.0,0.0,0.0,10.0,79.0,5.0,0.0,0.0,2.0,60.0,15.8,12.0,4.0,4.0,Bowler,5000000.0,Overseas,809ca6a4-faf8-46db-b0fc-a0de634cbc56
riley meredith,0.0,0.0,0.0,0.0,0.0,0.0,0.0,0.0,0.0,0.0,17.0,169.0,4.0,0.0,0.0,1.0,102.0,42.25,25.5,5.0,5.0,Bowler,80000000.0,Overseas,c230f1ff-b6ee-4268-b5f8-bc35cf3daa0c
sandeep warrier,0.0,0.0,0.0,0.0,0.0,0.0,0.0,0.0,0.0,0.0,12.0,85.0,2.0,0.0,0.0,2.0,72.0,42.5,36.0,3.0,3.0,Bowler,1000000.0,Indian,f1ccc4cf-154c-4b34-9b1b-39ddad67e5c9
scott boland,0.0,0.0,0.0,0.0,0.0,0.0,0.0,0.0,0.0,0.0,7.0,54.0,2.0,0.0,0.0,2.0,42.0,27.0,21.0,2.0,2.0,Bowler,5000000.0,Overseas,6044e6dc-0b54-4138-98a9-7cf0b4e11ca1
