Player,Span,Mat,Inns,NO,Runs,HS,Ave,BF,SR,100,50,0,4s,6s
BB McCullum,2005-2012,57,57,8,1704,123,34.77,1278,133.33,2,9,2,165,68
DPMD Jayawardene,2006-2012,44,44,6,1224,100,32.21,915,133.77,1,7,3,139,28
KP Pietersen,2005-2012,36,36,5,1176,79,37.93,831,141.51,0,7,1,119,32
DA Warner,2009-2012,42,42,1,1109,89,27.04,798,138.97,0,8,5,106,51
TM Dilshan,2006-2012,46,45,7,1098,104*,28.89,892,123.09,1,6,6,129,21
KC Sangakkara,2006-2012,43,41,5,1080,78,30.00,893,120.94,0,6,1,110,16
MJ Guptill,2009-2012,38,36,6,1018,101*,33.93,821,123.99,1,4,2,92,43
CH Gayle,2006-2012,31,30,3,985,117,36.48,681,144.64,1,10,2,87,59
GC Smith,2005-2011,33,33,2,982,89*,31.67,770,127.53,0,5,1,123,26
SR Watson,2006-2012,36,35,3,980,81,30.62,660,148.48,0,10,3,74,62
JP Duminy,2007-2012,42,39,10,952,96*,32.82,778,122.36,0,4,6,76,29
G Gambhir,2007-2012,37,36,2,932,75,27.41,783,119.02,0,7,2,109,10
Mohammad Hafeez,2006-2012,42,40,0,927,71,23.17,812,114.16,0,4,3,105,21
Shoaib Malik,2006-2012,52,48,12,873,57*,24.25,803,108.71,0,3,1,71,17
Umar Akmal,2009-2012,42,39,7,863,64,26.96,735,117.41,0,4,5,66,23
LRPL Taylor,2006-2012,47,43,8,853,63,24.37,710,120.14,0,4,3,54,36
Kamran Akmal,2006-2012,49,44,6,848,73,22.31,686,123.61,0,5,5,82,27
Shahid Afridi,2006-2012,58,55,5,845,54*,16.90,591,142.97,0,4,6,70,32
SK Raina,2006-2012,36,32,7,840,101,33.60,617,136.14,1,3,1,76,30
EJG Morgan,2009-2012,32,32,10,812,85*,36.90,611,132.89,0,4,0,74,27
Yuvraj Singh,2007-2012,33,31,5,791,72,30.42,532,148.68,0,6,0,45,54
Misbah-ul-Haq,2007-2012,39,34,13,788,87*,37.52,715,110.20,0,3,2,45,26
AB de Villiers,2006-2012,44,42,7,782,79*,22.34,648,120.67,0,4,4,57,24
DJ Hussey,2008-2012,39,36,3,756,88*,22.90,623,121.34,0,3,4,41,34
MS Dhoni,2006-2012,42,39,15,748,48*,31.16,651,114.90,0,0,1,51,20
MEK Hussey,2005-2012,38,30,11,721,60*,37.94,529,136.29,0,4,1,58,25
CL White,2007-2012,38,35,10,712,85*,28.48,533,133.58,0,3,2,41,38
JH Kallis,2005-2012,25,23,4,666,73,35.05,558,119.35,0,5,0,56,20
ST Jayasuriya,2006-2011,31,30,3,629,88,23.29,487,129.15,0,4,4,76,23
LJ Wright,2007-2012,39,34,3,607,99*,19.58,449,135.18,0,3,6,51,25
DJ Bravo,2006-2012,32,29,8,604,66*,28.76,474,127.42,0,3,2,33,29
Salman Butt,2007-2010,24,23,2,595,74,28.33,551,107.98,0,3,1,66,10
H Masakadza,2006-2012,22,22,0,585,79,26.59,502,116.53,0,5,0,51,20
MN Samuels,2007-2012,23,21,3,584,85*,32.44,426,137.08,0,6,0,35,38
PD Collingwood,2005-2011,35,33,2,583,79,18.80,459,127.01,0,3,3,37,24
SB Styris,2005-2010,31,29,2,578,66,21.40,483,119.66,0,1,0,40,25
V Kohli,2010-2012,20,18,2,558,78*,34.87,428,130.37,0,4,0,70,8
RG Sharma,2007-2012,35,28,10,531,79*,29.50,416,127.64,0,5,1,42,20
Tamim Iqbal,2007-2012,24,24,2,531,88*,24.13,494,107.48,0,3,2,64,5
C Kieswetter,2010-2012,25,25,1,526,63,21.91,470,111.91,0,3,2,47,23
JA Morkel,2005-2012,42,33,11,521,43,23.68,365,142.73,0,0,1,29,34
Imran Nazir,2007-2012,25,24,1,500,72,21.73,370,135.13,0,3,2,59,22
MJ Clarke,2005-2010,34,28,5,488,67,21.21,473,103.17,0,1,2,29,10
WTS Porterfield,2008-2012,30,29,3,475,56*,18.26,411,115.57,0,1,4,61,8
JDP Oram,2005-2012,36,30,7,474,66*,20.60,339,139.82,0,2,3,38,22
Younis Khan,2006-2010,25,23,3,442,51,22.10,364,121.42,0,2,2,31,12
JEC Franklin,2006-2012,33,27,7,434,60,21.70,367,118.25,0,2,1,24,22
GC Wilson,2008-2012,27,23,3,431,41*,21.55,480,89.79,0,0,2,38,5
KA Pollard,2008-2012,32,28,5,426,63*,18.52,293,145.39,0,2,1,33,25
Shakib Al Hasan,2006-2012,24,24,0,423,84,17.62,352,120.17,0,2,3,44,7
AD Hales,2011-2012,14,14,2,418,99,34.83,328,127.43,0,4,2,40,11
PR Stirling,2009-2012,19,19,3,415,79,25.93,345,120.28,0,3,4,52,8
AD Mathews,2009-2012,36,27,10,414,58,24.35,362,114.36,0,1,0,27,11
JD Ryder,2008-2012,20,19,1,412,62,22.88,335,122.98,0,3,2,42,16
Mohammad Ashraful,2007-2012,22,22,0,407,65,18.50,329,123.70,0,2,2,44,9
RT Ponting,2005-2009,17,16,2,401,98*,28.64,302,132.78,0,2,2,41,11
HH Gibbs,2005-2010,23,23,1,400,90*,18.18,318,125.78,0,3,4,45,12
V Sehwag,2006-2012,19,18,0,394,68,21.88,271,145.38,0,2,1,43,16
Abdul Razzaq,2006-2012,30,27,10,383,46*,22.52,320,119.68,0,0,1,20,21
KJ Coetzer,2008-2012,14,14,1,383,62,29.46,371,103.23,0,1,0,29,15
BRM Taylor,2006-2012,17,17,4,377,75*,29.00,311,121.22,0,4,3,30,12
CJ Chibhabha,2006-2011,15,15,0,370,65,24.66,330,112.12,0,3,0,41,10
RS Bopara,2008-2012,22,20,2,365,59,20.27,372,98.11,0,2,0,29,3
E Chigumbura,2006-2012,22,21,2,348,48,18.31,236,147.45,0,0,1,29,18
OA Shah,2007-2009,17,15,1,347,55*,24.78,284,122.18,0,1,0,26,13
S Chanderpaul,2006-2010,22,22,5,343,41,20.17,347,98.84,0,0,0,34,5
BJ Haddin,2006-2011,25,23,4,342,47,18.00,310,110.32,0,0,2,26,10
A Symonds,2005-2009,14,11,4,337,85*,48.14,199,169.34,0,2,2,33,10
NJ O'Brien,2008-2012,20,19,1,335,50,18.61,343,97.66,0,1,0,31,6
Mohammad Shahzad,2010-2012,13,13,1,331,77,27.58,299,110.70,0,3,0,31,4
LMP Simmons,2007-2012,14,14,2,326,77,27.16,269,121.18,0,2,2,39,6
RJ Nicol,2010-2012,20,18,0,325,58,18.05,294,110.54,0,2,2,33,11
LE Bosman,2006-2010,14,14,1,323,94,24.84,219,147.48,0,3,2,27,20
DR Smith,2006-2012,17,17,0,316,70,18.58,233,135.62,0,2,0,25,21
J Charles,2011-2012,13,12,0,308,84,25.66,281,109.60,0,1,1,39,8
ML Hayden,2005-2007,9,9,3,308,73*,51.33,214,143.92,0,4,0,37,13
RR Sarwan,2007-2010,18,16,3,298,59,22.92,286,104.19,0,2,1,19,6
CK Kapugedera,2006-2012,21,18,3,295,47,19.66,256,115.23,0,0,0,25,11
AN Kervezee,2009-2012,10,10,1,289,58*,32.11,262,110.30,0,2,0,19,6
AC Gilchrist,2005-2008,13,13,1,272,48,22.66,192,141.66,0,0,0,27,13
KJ O'Brien,2008-2012,30,26,5,271,39*,12.90,260,104.23,0,0,5,21,9
HM Amla,2009-2012,15,15,2,269,47*,20.69,227,118.50,0,0,1,32,4
MV Boucher,2005-2010,25,21,6,268,36*,17.86,275,97.45,0,0,0,22,2
Nasir Jamshed,2012-2012,11,11,1,263,56,26.30,217,121.19,0,2,1,20,10
EC Joyce,2006-2012,13,10,2,262,78*,32.75,277,94.58,0,1,0,22,3
SO Tikolo,2007-2010,11,11,3,260,56*,32.50,227,114.53,0,2,2,31,4
T Taibu,2007-2012,17,15,6,259,45*,28.77,257,100.77,0,0,2,19,2
RD Berrington,2008-2012,13,11,1,256,100,25.60,190,134.73,1,0,3,29,6
Mushfiqur Rahim,2006-2012,26,23,6,251,41*,14.76,244,102.86,0,0,1,10,10
Mahmudullah,2007-2012,21,20,1,245,64*,12.89,264,92.80,0,1,2,15,9
J Mubarak,2007-2009,16,15,4,238,46*,21.63,188,126.59,0,0,2,21,8
DJG Sammy,2007-2012,37,27,7,238,30,11.90,201,118.40,0,0,2,15,9
D Ramdin,2006-2012,33,21,6,237,44,15.80,206,115.04,0,0,0,28,2
RE Levi,2012-2012,13,13,2,236,117*,21.45,167,141.31,1,1,3,20,15
YK Pathan,2007-2012,22,18,5,236,37*,18.15,161,146.58,0,0,3,11,17
NL McCullum,2007-2012,42,26,9,235,36*,13.82,228,103.07,0,0,2,13,7
Aftab Ahmed,2006-2010,11,11,1,228,62*,22.80,178,128.08,0,1,0,26,6
Rizwan Cheema,2008-2012,12,12,1,224,68,20.36,199,112.56,0,1,1,20,15
DO Obuya,2007-2012,10,10,2,216,65*,27.00,228,94.73,0,2,1,22,4
DA Miller,2010-2012,11,10,3,214,36*,30.57,157,136.30,0,0,0,19,7
CO Obuya,2007-2012,14,12,2,214,50,21.40,191,112.04,0,1,1,19,2
RN ten Doeschate,2008-2010,9,9,4,214,56,42.80,166,128.91,0,1,0,11,7
CA Ingram,2010-2012,9,9,1,210,78,26.25,162,129.62,0,1,1,23,7
Noor Ali Zadran,2010-2012,8,8,1,210,50,30.00,222,94.59,0,1,1,17,1
AR Cusack,2008-2012,23,15,2,207,65,15.92,164,126.21,0,1,0,15,5
KS Williamson,2011-2012,13,11,2,206,48,22.88,174,118.39,0,0,0,19,3
DL Vettori,2007-2012,33,21,6,205,38,13.66,187,109.62,0,0,2,14,2
GJ Bailey,2012-2012,13,10,3,203,63,29.00,151,134.43,0,1,0,17,8
JM Kemp,2005-2007,8,7,3,203,89*,50.75,160,126.87,0,1,0,17,10
DS Smith,2007-2009,6,6,0,203,61,33.83,161,126.08,0,2,0,22,5
J Botha,2006-2012,40,20,9,201,34,18.27,165,121.81,0,0,1,15,9
Karim Sadiq,2010-2012,13,13,0,200,42,15.38,178,112.35,0,0,1,24,4
Mashrafe Mortaza,2006-2012,20,16,4,196,36,16.33,146,134.24,0,0,1,7,14
MJ Lumb,2010-2012,11,11,0,195,50,17.72,151,129.13,0,1,0,25,5
Fawad Alam,2007-2010,24,17,6,194,28,17.63,169,114.79,0,0,1,7,7
Nasir Hossain,2011-2012,11,9,3,193,50*,32.16,161,119.87,0,2,0,17,4
Asad Shafiq,2010-2012,10,10,0,192,38,19.20,185,103.78,0,0,0,19,2
F du Plessis,2012-2012,7,7,1,192,65,32.00,142,135.21,0,2,0,21,3
ES Szwarczynski,2008-2012,10,9,0,188,45,20.88,192,97.91,0,0,0,18,2
CD McMillan,2005-2007,8,7,1,187,57,31.16,117,159.82,0,1,0,8,14
T Mishra,2007-2012,9,9,0,187,38,20.77,211,88.62,0,0,1,13,4
Ahmed Shehzad,2009-2012,10,10,0,181,54,18.10,173,104.62,0,1,0,25,3
SR Patel,2011-2012,16,12,2,181,67,18.10,163,111.04,0,1,2,16,5
AA Obanda,2007-2012,15,13,2,180,79,16.36,172,104.65,0,1,2,21,3
JF Mooney,2009-2012,21,18,7,178,31*,16.18,183,97.26,0,0,0,18,0
Nazimuddin,2007-2008,7,7,0,178,81,25.42,158,112.65,0,1,2,13,10
IR Bell,2006-2011,7,7,1,175,60*,29.16,146,119.86,0,1,0,21,2
LPC Silva,2006-2011,16,15,2,175,38,13.46,177,98.87,0,0,0,19,3
AM Rahane,2011-2012,7,7,0,174,61,24.85,142,122.53,0,1,1,17,4
L Vincent,2006-2007,9,9,0,174,42,19.33,174,100.00,0,0,1,17,3
PW Borren,2008-2012,16,14,2,173,37*,14.41,184,94.02,0,0,0,13,2
IK Pathan,2006-2012,24,14,7,172,33*,24.57,144,119.44,0,0,0,9,7
A Bagai,2008-2010,7,7,1,169,53,28.16,148,114.18,0,1,0,15,0
LD Chandimal,2010-2012,12,10,0,168,56,16.80,168,100.00,0,1,0,13,2
Nawroz Mangal,2010-2012,13,13,2,168,27,15.27,167,100.59,0,0,1,14,4
NLTC Perera,2010-2012,21,17,7,168,32*,16.80,120,140.00,0,0,2,10,10
RV Uthappa,2007-2012,11,10,1,168,50,18.66,151,111.25,0,1,1,15,6
ME Trescothick,2005-2006,3,3,0,166,72,55.33,131,126.71,0,2,0,23,1
SPD Smith,2010-2011,20,15,4,165,34,15.00,152,108.55,0,0,1,12,3
MS Wade,2011-2012,15,10,2,164,72,20.50,150,109.33,0,1,0,8,6
DM Bravo,2010-2012,8,7,0,159,42,22.71,144,110.41,0,0,1,16,6
Junaid Siddique,2007-2012,7,7,0,159,71,22.71,108,147.22,0,1,1,16,7
Umar Gul,2007-2012,51,23,8,159,32,10.60,142,111.97,0,0,5,11,10
RR Watson,2007-2010,10,9,0,159,54,17.66,141,112.76,0,1,1,22,1
MR Swart,2012-2012,6,6,0,158,61,26.33,128,123.43,0,2,0,13,4
JC Buttler,2011-2012,18,14,6,156,33*,19.50,118,132.20,0,0,0,9,7
H Patel,2010-2012,8,8,1,156,88*,22.28,153,101.96,0,1,1,12,2
ADS Fletcher,2008-2011,16,16,2,149,53,10.64,167,89.22,0,1,5,15,3
JM Bairstow,2011-2012,15,12,4,148,60*,18.50,148,100.00,0,1,0,11,3
DT Johnston,2008-2012,28,17,6,148,24*,13.45,128,115.62,0,0,1,5,5
Samiullah Shinwari,2010-2012,13,12,2,146,61,14.60,119,122.68,0,1,0,9,6
H Davids,2012-2012,3,3,0,143,68,47.66,102,140.19,0,2,0,17,4
TN de Grooth,2008-2012,13,11,5,143,49,23.83,130,110.00,0,0,0,14,1
JL Ontong,2008-2012,11,8,0,139,48,17.37,96,144.79,0,0,0,4,10
CS MacLeod,2009-2012,7,6,0,138,57,23.00,102,135.29,0,2,1,15,3
IJL Trott,2007-2010,7,7,1,138,51,23.00,144,95.83,0,1,0,9,3
DF Watts,2007-2012,11,9,0,137,46,15.22,127,107.87,0,0,2,13,3
AR White,2008-2012,18,12,6,137,29,22.83,128,107.03,0,0,0,12,2
Mohammad Nabi,2010-2012,13,12,1,136,43*,12.36,98,138.77,0,0,3,11,5
BMAJ Mendis,2011-2012,12,9,3,135,43*,22.50,116,116.37,0,0,0,13,2
GEF Barnett,2008-2010,5,5,1,131,36,32.75,136,96.32,0,0,0,16,0
WU Tharanga,2006-2012,10,10,0,131,37,13.10,115,113.91,0,0,2,12,3
AC Botha,2008-2010,14,11,1,130,38,13.00,141,92.19,0,0,2,12,1
PG Fulton,2006-2012,12,12,1,127,25,11.54,140,90.71,0,0,2,7,6
KD Mills,2005-2012,35,17,6,127,33*,11.54,111,114.41,0,0,4,9,5
MJ Prior,2007-2010,10,8,2,127,32,21.16,100,127.00,0,0,1,11,5
AJ Redmond,2009-2010,7,6,0,126,63,21.00,84,150.00,0,1,0,19,2
TLW Cooper,2012-2012,6,6,0,123,60,20.50,98,125.51,0,1,1,9,5
AD Mascarenhas,2007-2009,14,13,5,123,31,15.37,100,123.00,0,0,3,8,5
M Vijay,2010-2011,7,7,0,122,48,17.42,124,98.38,0,0,1,8,6
DR Martyn,2005-2006,4,4,0,120,96,30.00,74,162.16,0,1,0,11,5
Shahzaib Hasan,2009-2010,10,10,0,116,35,11.60,130,89.23,0,0,3,13,3
DL Maddy,2007-2007,4,4,0,113,50,28.25,80,141.25,0,1,0,12,3
Naeem Islam,2008-2011,9,9,1,112,28,14.00,104,107.69,0,0,0,5,6
SP Fleming,2005-2006,5,5,0,110,38,22.00,85,129.41,0,0,0,20,0
F Behardien,2012-2012,9,6,3,109,31*,36.33,84,129.76,0,0,0,10,2
SE Marsh,2008-2012,8,8,0,108,29,13.50,102,105.88,0,0,2,8,5
B Zuiderent,2009-2010,6,6,1,108,43*,21.60,124,87.09,0,0,0,8,1
RJ Peterson,2006-2012,19,10,3,107,34,15.28,95,112.63,0,0,1,12,2
MG Johnson,2007-2011,28,16,6,106,28*,10.60,90,117.77,0,0,2,8,3
JR Hopes,2005-2010,12,7,2,105,30,21.00,98,107.14,0,0,0,7,1
AJ Finch,2011-2012,3,3,2,104,53*,104.00,70,148.57,0,1,0,11,2
GP Swann,2008-2012,39,16,11,104,34,20.80,89,116.85,0,0,2,9,1
RG Aga,2008-2012,9,9,1,102,28,12.75,115,88.69,0,0,0,5,2
SM Davies,2009-2011,5,5,0,102,33,20.40,82,124.39,0,0,0,12,0
B Lee,2005-2012,25,12,6,101,43*,16.83,71,142.25,0,0,2,9,4
S Dhaniram,2008-2010,11,9,0,100,26,11.11,123,81.30,0,0,0,6,2
Harbhajan Singh,2006-2012,25,11,4,100,21,14.28,83,120.48,0,0,0,10,4
KD Karthik,2006-2010,9,8,2,100,31*,16.66,88,113.63,0,0,1,14,1
Ziaur Rahman,2012-2012,9,7,3,100,40*,25.00,67,149.25,0,0,1,3,9
CK Coventry,2010-2011,9,8,1,97,30,13.85,60,161.66,0,0,2,11,5
AM Samad,2008-2010,7,6,0,97,29,16.16,88,110.22,0,0,1,8,4
XM Marshall,2008-2009,6,6,0,96,36,16.00,77,124.67,0,0,1,8,4
RS Morton,2006-2010,7,7,1,96,40,16.00,103,93.20,0,0,1,8,2
MH Yardy,2006-2011,14,8,5,96,35*,32.00,72,133.33,0,0,3,9,1
NS Poonia,2007-2010,8,7,2,95,38*,19.00,108,87.96,0,0,2,3,1
HDRL Thirimanne,2012-2012,11,7,1,95,30,15.83,80,118.75,0,0,0,11,1
BJ Hodge,2007-2008,8,5,2,94,36,31.33,77,122.07,0,0,0,5,3
JH Stander,2009-2012,11,11,2,94,45,10.44,90,104.44,0,0,3,6,4
Yasir Arafat,2007-2012,13,11,4,92,17,13.14,79,116.45,0,0,0,8,2
Raees Ahmadzai,2010-2010,8,6,3,91,33*,30.33,84,108.33,0,0,0,5,1
GM Hamilton,2007-2010,12,8,0,90,32,11.25,110,81.81,0,0,0,6,1
KMDN Kulasekara,2008-2012,25,14,4,89,26,8.90,79,112.65,0,0,2,5,3
Mudassar Bukhari,2008-2012,14,11,3,87,28*,10.87,69,126.08,0,0,1,7,3
GJ Hopkins,2007-2010,10,8,0,86,36,10.75,71,121.12,0,0,0,5,5
SM Pollock,2005-2008,12,9,2,86,36*,12.28,70,122.85,0,0,3,4,4
TM Odoyo,2007-2008,8,7,0,85,22,12.14,102,83.33,0,0,0,6,1
V Sibanda,2007-2012,7,7,0,85,29,12.14,90,94.44,0,0,2,13,1
Gulbadin Naib,2012-2012,5,5,1,84,44,21.00,77,109.09,0,0,0,5,6
JK Kamande,2007-2010,12,9,0,83,42,9.22,92,90.21,0,0,2,5,3
TT Bresnan,2006-2012,25,14,6,80,23*,10.00,80,100.00,0,0,3,6,0
CR Ervine,2010-2012,5,4,0,78,37,19.50,100,78.00,0,0,0,6,1
RR Patel,2008-2012,10,7,0,78,27,11.14,88,88.63,0,0,0,4,4
ML Udawatte,2008-2009,5,5,0,77,25,15.40,64,120.31,0,0,1,8,2
A Flintoff,2005-2007,7,7,1,76,31,12.66,60,126.66,0,0,1,7,2
Imran Farhat,2010-2011,7,7,0,76,19,10.85,70,108.57,0,0,1,14,0
NFI McCallum,2007-2010,11,7,0,76,38,10.85,85,89.41,0,0,3,7,1
S Matsikenyeri,2006-2012,10,10,0,76,32,7.60,82,92.68,0,0,2,6,3
VS Solanki,2005-2007,3,3,0,76,43,25.33,61,124.59,0,0,0,10,1
NJ Astle,2005-2006,4,4,1,74,40*,24.66,67,110.44,0,0,0,7,2
RA Jadeja,2009-2012,14,10,3,74,25,10.57,88,84.09,0,0,1,3,1
KO Otieno,2008-2008,4,4,0,74,40,18.50,79,93.67,0,0,0,5,2
NR Kumar,2012-2012,4,4,0,73,38,18.25,73,100.00,0,0,0,7,1
SJ Myburgh,2012-2012,4,4,0,73,36,18.25,73,100.00,0,0,0,9,2
NN Odhiambo,2007-2012,13,10,0,73,18,7.30,101,72.27,0,0,1,6,0
TG Southee,2008-2012,31,12,4,73,23,9.12,65,112.30,0,0,1,6,3
AJ Strauss,2005-2009,4,4,0,73,33,18.25,64,114.06,0,0,1,9,0
PL Mommsen,2012-2012,5,5,1,72,26,18.00,63,114.28,0,0,1,8,0
DAJ Bracewell,2011-2012,13,7,4,70,21*,23.33,54,129.62,0,0,1,5,3
SM Katich,2005-2006,3,2,0,69,39,34.50,47,146.80,0,0,0,8,2
SL Malinga,2006-2012,40,15,7,69,27,8.62,80,86.25,0,0,2,3,3
WD Parnell,2009-2012,17,4,2,69,29*,34.50,50,138.00,0,0,0,7,3
TM Dowlin,2009-2010,2,2,1,68,37*,68.00,69,98.55,0,0,0,8,0
Sohail Tanvir,2007-2012,28,11,3,68,17*,8.50,62,109.67,0,0,0,3,5
MN van Wyk,2007-2011,3,2,0,68,67,34.00,43,158.13,0,1,0,5,5
SCJ Broad,2006-2012,43,17,7,66,18*,6.60,68,97.05,0,0,2,4,1
R Gunasekera,2012-2012,4,4,0,66,26,16.50,76,86.84,0,0,0,6,2
Shoaib Khan jnr,2008-2008,4,4,0,65,50,16.25,74,87.83,0,1,1,7,0
RM Haq,2007-2012,13,10,6,64,21*,16.00,95,67.36,0,0,0,2,1
DP Hyatt,2011-2012,5,5,1,64,28,16.00,54,118.51,0,0,0,4,4
DJ Reekers,2008-2009,6,5,0,64,29,12.80,49,130.61,0,0,1,10,2
Mirwais Ashraf,2010-2012,9,7,1,63,23,10.50,49,128.57,0,0,0,1,6
Saeed Ajmal,2009-2012,50,17,10,63,21*,9.00,56,112.50,0,0,1,6,1
AC Voges,2007-2009,4,3,1,63,26,31.50,52,121.15,0,0,0,6,0
CD Barnwell,2011-2011,4,4,2,61,34*,30.50,47,129.78,0,0,1,2,4
NT Broom,2009-2009,9,5,1,61,36,15.25,55,110.90,0,0,0,7,1
AN Cook,2007-2009,4,4,0,61,26,15.25,54,112.96,0,0,0,10,0
PD McGlashan,2006-2010,11,9,1,61,26,7.62,64,95.31,0,0,0,6,2
JWM Dalrymple,2006-2007,3,3,0,60,32,20.00,57,105.26,0,0,0,6,0
P Mustard,2008-2008,2,2,0,60,40,30.00,37,162.16,0,0,0,5,4
DLS van Bunge,2008-2010,10,9,2,60,24,8.57,76,78.94,0,0,2,1,1
DR Flynn,2008-2012,5,5,0,59,23,11.80,51,115.68,0,0,0,1,4
AD Russell,2011-2012,12,8,3,58,19*,11.60,55,105.45,0,0,2,4,2
CJO Smith,2007-2009,8,6,1,58,46*,11.60,54,107.40,0,0,3,6,0
Alok Kapali,2007-2011,7,7,2,57,19,11.40,85,67.05,0,0,2,3,1
RE van der Merwe,2009-2010,13,6,3,57,48,19.00,50,114.00,0,0,1,2,4
Farhad Reza,2006-2011,8,6,0,56,19,9.33,67,83.58,0,0,0,3,2
JM How,2007-2008,5,5,0,56,31,11.20,67,83.58,0,0,0,5,1
HS Baidwan,2008-2012,15,10,2,54,21,6.75,50,108.00,0,0,3,4,1
GD Drummond,2008-2012,13,7,0,54,35,7.71,65,83.07,0,0,2,3,0
Wahab Riaz,2008-2011,6,4,2,54,30*,27.00,40,135.00,0,0,0,3,3
R Ashwin,2010-2012,18,5,3,53,17*,26.50,44,120.45,0,0,0,6,1
GB Hogg,2006-2012,12,3,0,52,41,17.33,36,144.44,0,0,0,3,3
IS Billcliff,2010-2010,2,2,0,51,37,25.50,39,130.76,0,0,0,3,2
Raqibul Hasan,2008-2010,5,5,0,51,18,10.20,62,82.25,0,0,0,3,1
Mohammad Yousuf,2006-2010,3,3,0,50,26,16.66,43,116.27,0,0,0,5,1
U Bhatti,2008-2010,7,7,3,49,12,12.25,48,102.08,0,0,0,3,1
N Deonarine,2010-2010,7,6,1,49,36*,9.80,50,98.00,0,0,3,4,0
CU Jayasinghe,2009-2010,5,3,2,49,38,49.00,49,100.00,0,0,0,3,1
MR Marsh,2011-2012,3,3,1,49,36,24.50,35,140.00,0,0,0,2,4
SD Outerbridge,2008-2008,3,3,1,49,37*,24.50,51,96.07,0,0,0,2,1
K Weeraratne,2008-2009,5,5,2,49,20*,16.33,45,108.88,0,0,0,4,1
Awais Zia,2012-2012,3,3,0,47,23,15.66,52,90.38,0,0,0,2,3
L Ronchi,2008-2009,3,2,0,47,36,23.50,27,174.07,0,0,0,8,1
JE Taylor,2006-2010,17,9,5,47,16*,11.75,38,123.68,0,0,1,3,2
P Utseya,2006-2012,20,14,5,47,13*,5.22,68,69.11,0,0,3,2,0
KM Dabengwa,2006-2010,8,7,3,46,16*,11.50,40,115.00,0,0,0,4,2
JJ van der Wath,2006-2007,8,4,1,46,21,15.33,39,117.94,0,0,0,3,1
AS Hansra,2012-2012,4,4,0,45,30,11.25,56,80.35,0,0,0,2,2
Shafiqullah,2010-2012,7,7,0,45,23,6.42,47,95.74,0,0,2,5,2
Asghar Afghan,2010-2012,6,5,0,44,30,8.80,64,68.75,0,0,0,0,3
JM Davison,2008-2010,5,5,0,44,19,8.80,40,110.00,0,0,2,2,3
S Badrinath,2011-2011,1,1,0,43,43,43.00,37,116.21,0,0,0,5,0
NG Jones,2010-2012,5,4,2,42,14*,21.00,38,110.52,0,0,1,1,2
Junaid Siddiqui,2012-2012,4,4,2,42,21,21.00,31,135.48,0,0,0,2,2
W Barresi,2012-2012,6,6,0,41,14,6.83,60,68.33,0,0,1,3,0
K Jethi,2008-2008,5,5,1,41,24,10.25,59,69.49,0,0,1,0,2
RR David,2008-2008,4,4,0,39,17,9.75,65,60.00,0,0,0,2,1
GJ Maxwell,2012-2012,7,4,1,39,27,13.00,38,102.63,0,0,0,3,1
Mohammad Amir,2009-2010,18,6,2,39,21*,9.75,36,108.33,0,0,1,1,2
R Flannigan,2012-2012,4,4,1,38,18,12.66,33,115.15,0,0,1,4,0
TWM Latham,2012-2012,3,3,0,38,19,12.66,35,108.57,0,0,0,3,0
D Mongia,2006-2006,1,1,0,38,38,38.00,45,84.44,0,0,0,4,1
F Mutizwa,2011-2012,3,3,0,38,22,12.66,36,105.55,0,0,1,3,0
MA Ouma,2007-2012,11,8,0,38,13,4.75,52,73.07,0,0,2,5,0
SC Williams,2006-2006,1,1,0,38,38,38.00,39,97.43,0,0,0,2,2
SJ Benn,2008-2010,17,7,4,37,13*,12.33,42,88.09,0,0,1,5,1
JS Foster,2009-2009,5,5,2,37,14*,12.33,32,115.62,0,0,0,0,1
BJ Watling,2009-2012,3,3,0,37,22,12.33,56,66.07,0,0,0,3,0
CR Woakes,2011-2011,3,3,2,37,19*,37.00,30,123.33,0,0,0,1,2
PA Patel,2011-2011,2,2,0,36,26,18.00,32,112.50,0,0,0,4,1
AD Poynter,2012-2012,5,3,1,36,23*,18.00,32,112.50,0,0,0,3,1
TGJ Gruijters,2012-2012,4,3,2,35,21*,35.00,27,129.62,0,0,0,2,1
Khalid Latif,2008-2012,7,7,0,34,13,4.85,51,66.66,0,0,1,3,1
EMDY Munaweera,2012-2012,3,3,1,34,17,17.00,37,91.89,0,0,0,4,0
C Munro,2012-2012,3,3,1,34,23,17.00,35,97.14,0,0,0,4,0
JD Nel,2007-2010,10,5,2,34,13*,11.33,25,136.00,0,0,1,3,1
OL Pitcher,2008-2008,3,3,0,34,15,11.33,53,64.15,0,0,0,1,0
Hamid Hassan,2010-2010,8,5,2,33,22,11.00,32,103.12,0,0,0,2,2
GO Jones,2005-2006,2,2,1,33,19,33.00,25,132.00,0,0,0,5,0
RJMGM Rupasinghe,2009-2009,2,2,0,33,18,16.50,39,84.61,0,0,0,2,0
WPUJC Vaas,2006-2007,6,2,1,33,21,33.00,41,80.48,0,0,0,1,0
MN Waller,2011-2012,5,4,0,33,12,8.25,32,103.12,0,0,1,3,1
WD Balaji Rao,2008-2008,4,4,1,32,22*,10.66,30,106.66,0,0,1,1,2
SE Findlay,2008-2008,2,2,0,32,19,16.00,31,103.22,0,0,0,4,0
TG Gordon,2012-2012,3,3,0,32,23,10.66,37,86.48,0,0,0,3,0
JW Hastings,2010-2011,3,3,2,32,15,32.00,18,177.77,0,0,0,2,1
GA Lamb,2010-2010,5,4,2,32,14*,16.00,54,59.25,0,0,1,1,0
SNJ O'Keefe,2010-2011,7,5,0,32,22,6.40,26,123.07,0,0,0,4,1
J Theron,2010-2012,9,3,3,32,31*,-,21,152.38,0,0,0,3,1
DI Allan,2012-2012,5,5,0,31,17,6.20,56,55.35,0,0,0,4,0
TR Birt,2010-2012,4,3,0,31,17,10.33,33,93.93,0,0,0,3,1
R Dravid,2011-2011,1,1,0,31,31,31.00,21,147.61,0,0,0,0,3
PA Nixon,2007-2007,1,1,1,31,31*,-,22,140.90,0,0,0,2,1
BA Stokes,2011-2011,2,1,0,31,31,31.00,23,134.78,0,0,0,3,1
Q de Kock,2012-2012,3,3,2,30,28*,30.00,27,111.11,0,0,0,5,0
WW Hinds,2006-2010,5,5,1,30,14,7.50,41,73.17,0,0,1,3,0
NO Miller,2009-2010,7,4,3,28,11*,28.00,29,96.55,0,0,0,1,0
PJ Ongondo,2007-2008,8,6,0,28,16,4.66,23,121.73,0,0,2,1,2
Abdur Razzak,2006-2012,24,15,8,27,9,3.85,54,50.00,0,0,3,1,0
NE Bonner,2011-2012,2,2,0,27,24,13.50,38,71.05,0,0,0,2,0
AG Cremer,2008-2012,9,5,1,27,17,6.75,37,72.97,0,0,1,2,0
Mohammad Iqbal,2008-2008,3,3,0,27,22,9.00,39,69.23,0,0,0,1,0
Nadif Chowdhury,2006-2007,3,3,0,27,12,9.00,23,117.39,0,0,0,2,0
H Osinde,2008-2012,9,5,2,27,17,9.00,28,96.42,0,0,0,1,2
MP Vaughan,2005-2007,2,2,0,27,27,13.50,22,122.72,0,0,1,4,0
D Ganga,2006-2006,1,1,0,26,26,26.00,31,83.87,0,0,0,3,1
RA Bhatti,2012-2012,4,4,1,25,11*,8.33,37,67.56,0,0,1,1,0
Shahriar Nafees,2006-2006,1,1,0,25,25,25.00,17,147.05,0,0,0,3,1
CRD Fernando,2006-2011,17,6,2,24,21,6.00,21,114.28,0,0,2,4,0
JN Gillespie,2005-2005,1,1,0,24,24,24.00,18,133.33,0,0,0,4,0
Imrul Kayes,2010-2011,4,4,0,24,22,6.00,37,64.86,0,0,2,3,1
Rameez Raja (2),2011-2011,2,2,0,24,23,12.00,29,82.75,0,0,0,2,0
CP Schofield,2007-2007,4,4,3,24,9*,24.00,20,120.00,0,0,0,2,0
C Zhuwao,2008-2011,5,5,0,24,12,4.80,39,61.53,0,0,3,4,0
AB Barath,2010-2011,2,2,0,23,15,11.50,39,58.97,0,0,0,3,0
GD Elliott,2009-2009,1,1,1,23,23*,-,30,76.66,0,0,0,1,0
Hammad Azam,2012-2012,3,2,1,23,21,23.00,17,135.29,0,0,0,3,1
MF Maharoof,2006-2008,7,4,1,23,13*,7.66,27,85.18,0,0,1,0,1
Zulqarnain Haider,2007-2010,3,3,0,23,17,7.66,30,76.66,0,0,0,1,0
Anamul Haque,2012-2012,1,1,0,22,22,22.00,12,183.33,0,0,0,3,1
PJ Cummins,2011-2012,11,5,1,22,13,5.50,24,91.66,0,0,1,1,1
AB Dinda,2009-2012,9,2,1,22,19,22.00,24,91.66,0,0,0,1,0
PJ Ingram,2010-2010,3,3,1,22,20*,11.00,35,62.85,0,0,1,3,0
DP Nannes,2009-2010,17,5,3,22,12*,11.00,18,122.22,0,0,0,1,1
JDS Neesham,2012-2012,3,2,0,22,12,11.00,17,129.41,0,0,0,4,0
A Nehra,2009-2011,8,3,0,22,22,7.33,16,137.50,0,0,2,1,2
TD Paine,2009-2011,5,3,0,22,21,7.33,18,122.22,0,0,1,2,1
FL Reifer,2009-2009,1,1,0,22,22,22.00,20,110.00,0,0,0,2,1
SE Bond,2005-2010,20,8,3,21,8*,4.20,21,100.00,0,0,2,2,0
MR Gillespie,2006-2008,11,6,4,21,7,10.50,29,72.41,0,0,0,0,0
Shoaib Akhtar,2006-2010,15,6,3,21,8*,7.00,16,131.25,0,0,1,2,1
SJS Smith,2010-2012,5,4,1,21,9,7.00,40,52.50,0,0,1,1,0
RL Bhudia,2007-2007,3,3,1,20,11*,10.00,20,100.00,0,0,1,0,2
JL Denly,2009-2010,5,5,0,20,14,4.00,29,68.96,0,0,2,2,0
DL Hemp,2008-2008,2,2,0,20,20,10.00,32,62.50,0,0,1,2,1
Jahurul Islam,2010-2012,2,2,0,20,18,10.00,14,142.85,0,0,0,1,1
MJ North,2009-2009,1,1,0,20,20,20.00,21,95.23,0,0,0,1,0
S Sreesanth,2006-2008,10,3,2,20,19*,20.00,14,142.85,0,0,1,4,0
AM Ellis,2012-2012,3,3,1,19,16,9.50,15,126.66,0,0,0,1,1
HGJM Kulatunga,2008-2008,2,2,0,19,11,9.50,38,50.00,0,0,0,0,0
LHD Dilhara,2008-2008,2,1,1,18,18*,-,9,200.00,0,0,0,0,1
XJ Doherty,2012-2012,8,4,3,18,9*,18.00,17,105.88,0,0,0,1,0
Khurram Chohan,2010-2010,4,4,2,18,8,9.00,14,128.57,0,0,0,1,1
T Maruma,2008-2010,4,4,0,18,7,4.50,32,56.25,0,0,0,1,0
Naved-ul-Hasan,2006-2010,4,2,1,18,17*,18.00,16,112.50,0,0,0,0,2
Shafiul Islam,2010-2012,9,4,1,18,16,6.00,24,75.00,0,0,1,1,1
S Thuraisingam,2008-2008,3,2,1,18,15,18.00,24,75.00,0,0,0,1,0
JW Wilson,2005-2005,1,1,0,18,18,18.00,14,128.57,0,0,0,2,0
CJ Anderson,2012-2012,3,2,0,17,12,8.50,14,121.42,0,0,0,2,0
JW Dernbach,2011-2012,18,3,1,17,12,8.50,13,130.76,0,0,0,2,0
RM Hira,2012-2012,12,2,0,17,12,8.50,22,77.27,0,0,0,2,0
LN Onyango,2007-2010,5,4,2,17,5,8.50,21,80.95,0,0,0,0,0
HA Varaiya,2007-2012,14,6,6,17,6*,-,31,54.83,0,0,0,0,0
CJ Ferguson,2009-2009,3,3,0,16,8,5.33,19,84.21,0,0,1,1,0
Mehrab Hossain jnr,2008-2009,2,2,1,16,10,16.00,25,64.00,0,0,0,1,0
Abdur Rehman,2007-2011,7,4,2,15,7,7.50,17,88.23,0,0,0,0,0
AB Agarkar,2006-2007,4,2,0,15,14,7.50,11,136.36,0,0,0,2,0
NW Bracken,2006-2009,19,6,3,15,4*,5.00,22,68.18,0,0,1,1,0
E Katchay,2008-2008,4,3,2,15,8*,15.00,25,60.00,0,0,1,0,0
LA Pomersbach,2007-2007,1,1,0,15,15,15.00,7,214.28,0,0,0,1,1
RW Price,2008-2012,16,9,4,15,7*,3.00,28,53.57,0,0,1,1,0
Shabir Noori,2012-2012,1,1,0,15,15,15.00,18,83.33,0,0,0,1,0
J Smits,2008-2009,6,2,1,15,11*,15.00,27,55.55,0,0,0,0,0
AO Suji,2007-2010,8,5,2,15,7,5.00,29,51.72,0,0,0,0,0
MK Tiwary,2011-2012,3,1,0,15,15,15.00,17,88.23,0,0,0,0,0
VB van Jaarsveld,2009-2009,3,3,0,15,12,5.00,23,65.21,0,0,1,0,0
SG Borthwick,2011-2011,1,1,0,14,14,14.00,16,87.50,0,0,0,2,0
G Goudie,2010-2012,3,3,1,14,6*,7.00,13,107.69,0,0,0,2,0
JAH Marshall,2005-2008,3,2,0,14,13,7.00,15,93.33,0,0,0,2,0
GH O'Brien,2008-2008,3,3,1,14,7*,7.00,16,87.50,0,0,1,0,1
AN Petersen,2010-2010,2,2,0,14,8,7.00,19,73.68,0,0,0,1,0
VD Philander,2007-2007,7,4,0,14,6,3.50,28,50.00,0,0,0,0,0
PM Seelaar,2008-2012,15,5,2,14,9*,4.66,15,93.33,0,0,1,0,1
CD Wallace,2012-2012,4,3,2,14,7*,14.00,10,140.00,0,0,0,1,0
CM Wright,2007-2009,3,1,0,14,14,14.00,18,77.77,0,0,0,0,0
AR Adams,2005-2006,4,2,1,13,7,13.00,12,108.33,0,0,0,1,0
C de Grandhomme,2012-2012,4,4,2,13,8,6.50,17,76.47,0,0,0,1,0
J Edness,2008-2008,3,3,0,13,9,4.33,28,46.42,0,0,1,0,0
CR Foggo,2008-2008,3,3,0,13,7,4.33,17,76.47,0,0,1,2,0
PA Hitchcock,2008-2008,1,1,0,13,13,13.00,11,118.18,0,0,0,1,1
SHT Kandamby,2008-2011,5,4,0,13,10,3.25,21,61.90,0,0,1,0,0
SKW Kelly,2008-2008,3,2,2,13,11*,-,24,54.16,0,0,0,0,0
Z Khan,2006-2012,17,4,2,13,9,6.50,10,130.00,0,0,0,0,1
CJ McKay,2010-2012,4,3,1,13,7,6.50,14,92.85,0,0,1,1,1
Mohammad Rafique,2006-2006,1,1,0,13,13,13.00,5,260.00,0,0,0,3,0
WB Rankin,2009-2012,15,3,2,13,7*,13.00,16,81.25,0,0,0,1,0
CMW Read,2006-2006,1,1,0,13,13,13.00,11,118.18,0,0,0,2,0
HMCM Bandara,2006-2009,4,3,1,12,7,6.00,15,80.00,0,0,0,0,0
DT Christian,2010-2012,11,4,2,12,4*,6.00,11,109.09,0,0,0,1,0
HJH Marshall,2005-2006,3,3,0,12,8,4.00,14,85.71,0,0,0,0,0
NV Ojha,2010-2010,2,2,0,12,10,6.00,27,44.44,0,0,0,2,0
R Rampaul,2007-2012,19,6,5,12,8,12.00,21,57.14,0,0,0,0,0
MC Sorensen,2012-2012,10,2,2,12,12*,-,13,92.30,0,0,0,0,1
T van der Gugten,2012-2012,6,1,0,12,12,12.00,8,150.00,0,0,0,0,1
AJ Hall,2006-2006,2,1,0,11,11,11.00,10,110.00,0,0,0,1,0
Inzamam-ul-Haq,2006-2006,1,1,1,11,11*,-,15,73.33,0,0,0,0,1
KS Lokuarachchi,2012-2012,2,2,0,11,11,5.50,13,84.61,0,0,1,1,0
WK McCallan,2008-2009,9,3,2,11,9*,11.00,15,73.33,0,0,1,1,0
AA Mulla,2008-2008,4,4,0,11,8,2.75,19,57.89,0,0,1,2,0
RM West,2009-2009,5,4,1,11,8,3.66,11,100.00,0,0,0,1,0
Yasir Shah,2011-2011,2,1,1,11,11*,-,7,157.14,0,0,0,1,0
CS Baugh,2008-2012,3,3,0,10,7,3.33,12,83.33,0,0,0,1,0
FH Edwards,2007-2012,20,4,2,10,7*,5.00,9,111.11,0,0,1,1,0
S Jyoti,2008-2008,2,2,1,10,10*,10.00,20,50.00,0,0,1,0,0
RWT Key,2009-2009,1,1,1,10,10*,-,8,125.00,0,0,0,0,0
HG Kuhn,2009-2011,5,4,2,10,5*,5.00,16,62.50,0,0,0,0,0
M Ntini,2005-2011,10,4,2,10,5,5.00,11,90.90,0,0,1,2,0
PP Ojha,2009-2010,6,1,1,10,10*,-,6,166.66,0,0,0,0,1
BA Parchment,2007-2007,1,1,0,10,10,10.00,6,166.66,0,0,0,1,1
AU Rashid,2009-2009,5,2,1,10,9*,10.00,19,52.63,0,0,0,0,0
ACL Richards,2007-2007,1,1,0,10,10,10.00,15,66.66,0,0,0,1,0
Shapoor Zadran,2010-2012,10,5,3,10,9,5.00,25,40.00,0,0,1,0,1
ZE Surkari,2008-2008,4,3,0,10,6,3.33,33,30.30,0,0,1,0,0
SW Tait,2007-2011,19,5,1,10,6,2.50,12,83.33,0,0,1,0,1
SR Tendulkar,2006-2006,1,1,0,10,10,10.00,12,83.33,0,0,0,2,0
RJ Trott,2008-2008,3,3,1,10,8,5.00,24,41.66,0,0,1,0,0
Abul Hasan,2012-2012,4,1,0,9,9,9.00,8,112.50,0,0,0,1,0
JJ Celestine,2008-2008,3,3,0,9,7,3.00,17,52.94,0,0,1,0,0
Elias Sunny,2012-2012,7,4,2,9,5,4.50,9,100.00,0,0,0,1,0
ST Finn,2011-2012,13,2,2,9,8*,-,13,69.23,0,0,0,1,0
KM Jarvis,2011-2012,8,4,1,9,9*,3.00,17,52.94,0,0,3,0,0
SW Masakadza,2010-2012,4,3,0,9,8,3.00,11,81.81,0,0,1,1,0
Mohammad Asif,2006-2010,11,3,3,9,5*,-,3,300.00,0,0,0,2,0
Mohammad Sami,2010-2012,5,2,2,9,5*,-,12,75.00,0,0,0,0,0
SP Narine,2012-2012,13,3,1,9,4*,4.50,9,100.00,0,0,0,1,0
SO Ngoche,2010-2012,8,5,1,9,4,2.25,17,52.94,0,0,2,0,0
JS Patel,2005-2008,11,4,1,9,5,3.00,14,64.28,0,0,1,1,0
WKD Perkins,2008-2008,1,1,0,9,9,9.00,11,81.81,0,0,0,1,0
IH Romaine,2008-2008,2,2,0,9,8,4.50,20,45.00,0,0,0,0,0
AM Blignaut,2010-2010,1,1,0,8,8,8.00,8,100.00,0,0,0,1,0
GH Bodi,2007-2007,1,1,0,8,8,8.00,25,32.00,0,0,0,0,0
Dawlat Zadran,2012-2012,5,3,1,8,8,4.00,8,100.00,0,0,1,2,0
S Randiv,2010-2011,7,2,0,8,6,4.00,6,133.33,0,0,0,1,0
R McLaren,2009-2012,8,3,3,8,6*,-,9,88.88,0,0,0,0,0
BAW Mendis,2008-2012,27,7,4,8,4*,2.66,17,47.05,0,0,0,1,0
M Morkel,2007-2012,31,3,1,8,6,4.00,8,100.00,0,0,0,0,1
Rubel Hossain,2009-2012,6,2,2,8,8*,-,10,80.00,0,0,0,1,0
Shahadat Hossain,2006-2010,5,5,3,8,4*,4.00,12,66.66,0,0,1,0,0
I Sharma,2008-2012,13,3,2,8,5*,8.00,9,88.88,0,0,1,1,0
DW Steyn,2007-2012,29,5,3,8,5,4.00,10,80.00,0,0,0,0,0
RP Arnold,2006-2006,1,1,0,7,7,7.00,7,100.00,0,0,0,0,0
JH Davey,2012-2012,1,1,0,7,7,7.00,6,116.66,0,0,0,0,0
AS Dean,2008-2008,1,1,0,7,7,7.00,9,77.77,0,0,0,0,0
P Kumar,2008-2012,10,3,0,7,6,2.33,16,43.75,0,0,1,0,0
ND McKenzie,2006-2009,2,1,1,7,7*,-,8,87.50,0,0,0,0,0
CB Mpofu,2008-2012,11,4,2,7,4*,3.50,9,77.77,0,0,2,0,0
NM Odhiambo,2010-2012,3,2,2,7,6*,-,5,140.00,0,0,0,1,0
GA Rogers,2008-2009,2,2,2,7,6*,-,8,87.50,0,0,0,0,0
E Schiferli,2008-2010,7,3,1,7,5*,3.50,16,43.75,0,0,1,0,0
JN Snape,2007-2007,1,1,0,7,7,7.00,11,63.63,0,0,0,0,0
Syed Rasel,2007-2008,8,3,1,7,6,3.50,9,77.77,0,0,0,1,0
BV Vitori,2012-2012,2,1,1,7,7*,-,4,175.00,0,0,0,0,0
DG Brownlie,2010-2012,4,4,0,6,5,1.50,16,37.50,0,0,2,1,0
RMS Eranga,2012-2012,2,1,0,6,6,6.00,7,85.71,0,0,0,1,0
NM Hauritz,2009-2009,3,2,0,6,4,3.00,10,60.00,0,0,0,1,0
Javed Ahmadi,2012-2012,2,1,0,6,6,6.00,5,120.00,0,0,0,1,0
B Kumar,2012-2012,2,1,1,6,6*,-,6,100.00,0,0,0,0,0
KO Meth,2012-2012,2,1,1,6,6*,-,6,100.00,0,0,0,0,0
AR Nurse,2011-2011,2,1,1,6,6*,-,3,200.00,0,0,0,1,0
JA Rudolph,2006-2006,1,1,1,6,6*,-,7,85.71,0,0,0,0,0
R Strydom,2008-2008,4,2,1,6,5*,6.00,7,85.71,0,0,0,0,0
MS Atapattu,2006-2006,2,1,0,5,5,5.00,8,62.50,0,0,0,0,0
S Dhawan,2011-2011,1,1,0,5,5,5.00,11,45.45,0,0,0,0,0
GD McGrath,2005-2005,2,1,0,5,5,5.00,12,41.66,0,0,0,0,0
CS Martin,2007-2008,6,1,1,5,5*,-,6,83.33,0,0,0,0,0
Mohammad Salman,2011-2011,1,1,0,5,5,5.00,6,83.33,0,0,0,0,0
T Mupariwa,2007-2008,4,2,2,5,3*,-,3,166.66,0,0,0,0,0
Najibullah Zadran,2012-2012,1,1,0,5,5,5.00,2,250.00,0,0,0,1,0
JL Pattinson,2011-2012,4,2,2,5,5*,-,3,166.66,0,0,0,1,0
AG Prince,2005-2005,1,1,0,5,5,5.00,6,83.33,0,0,0,0,0
Raza Hasan,2012-2012,7,2,2,5,5*,-,12,41.66,0,0,0,1,0
Sarfaraz Ahmed,2010-2010,2,1,0,5,5,5.00,5,100.00,0,0,0,1,0
RJ Sidebottom,2007-2010,18,1,1,5,5*,-,4,125.00,0,0,0,1,0
R Telemachus,2006-2007,3,1,1,5,5*,-,3,166.66,0,0,0,0,0
DR Tuffey,2005-2010,3,2,1,5,5*,5.00,5,100.00,0,0,1,1,0
Ahsan Malik,2012-2012,4,1,1,4,4*,-,1,400.00,0,0,0,1,0
GJ Batty,2009-2009,1,1,0,4,4,4.00,7,57.14,0,0,0,0,0
JAR Blain,2007-2008,6,3,1,4,3*,2.00,5,80.00,0,0,1,0,0
IG Butler,2009-2010,15,5,4,4,2*,4.00,9,44.44,0,0,0,0,0
PC Connell,2008-2010,9,3,2,4,3*,4.00,7,57.14,0,0,1,0,0
PA Desai,2012-2012,1,1,1,4,4*,-,7,57.14,0,0,0,0,0
CK Langeveldt,2005-2010,9,3,2,4,2*,4.00,8,50.00,0,0,0,0,0
RT Lyons,2010-2010,2,2,0,4,4,2.00,17,23.52,0,0,1,0,0
GE Mathurin,2011-2012,3,2,2,4,3*,-,5,80.00,0,0,0,0,0
Nazmus Sadat,2006-2006,1,1,0,4,4,4.00,3,133.33,0,0,0,0,0
JO Ngoche,2012-2012,5,3,1,4,2,2.00,17,23.52,0,0,0,0,0
T Thushara,2008-2010,6,2,0,4,3,2.00,8,50.00,0,0,0,0,0
MC Bascombe,2011-2011,1,1,0,3,3,3.00,7,42.85,0,0,0,0,0
CL Cairns,2005-2006,2,2,0,3,2,1.50,13,23.07,0,0,0,0,0
Junaid Khan,2011-2012,3,1,1,3,3*,-,4,75.00,0,0,0,0,0
MS Kasprowicz,2005-2005,2,1,1,3,3*,-,5,60.00,0,0,0,0,0
RK Kleinveldt,2008-2012,5,2,2,3,3*,-,3,100.00,0,0,0,0,0
GJP Kruger,2006-2006,1,1,0,3,3,3.00,5,60.00,0,0,0,0,0
AF Milne,2010-2012,4,2,2,3,3*,-,7,42.85,0,0,0,0,0
TJ Murtagh,2012-2012,1,1,0,3,3,3.00,5,60.00,0,0,0,0,0
Nazmul Hossain,2009-2012,4,2,2,3,3*,-,15,20.00,0,0,0,0,0
KAJ Roach,2008-2012,11,1,1,3,3*,-,2,150.00,0,0,0,0,0
RP Singh,2007-2009,10,2,2,3,2*,-,3,100.00,0,0,0,0,0
MA Starc,2012-2012,8,2,1,3,2,3.00,8,37.50,0,0,0,0,0
Zahid Hussain,2012-2012,3,2,2,3,2*,-,8,37.50,0,0,0,0,0
OO Bascome,2008-2008,1,1,0,2,2,2.00,6,33.33,0,0,0,0,0
JP Bray,2009-2009,2,2,0,2,2,1.00,17,11.76,0,0,1,0,0
GB Brent,2006-2007,3,1,0,2,2,2.00,5,40.00,0,0,0,0,0
Dawlat Ahmadzai,2010-2010,2,1,1,2,2*,-,3,66.66,0,0,0,0,0
GH Dockrell,2010-2012,19,3,2,2,2*,2.00,8,25.00,0,0,1,0,0
RJ Harris,2010-2010,3,1,1,2,2*,-,1,200.00,0,0,0,0,0
BW Hilfenhaus,2007-2012,7,3,1,2,2,1.00,10,20.00,0,0,1,0,0
AJ Ireland,2006-2006,1,1,1,2,2*,-,3,66.66,0,0,0,0,0
A Khan,2009-2009,1,1,0,2,2,2.00,4,50.00,0,0,0,0,0
RJ Kirtley,2007-2007,1,1,1,2,2*,-,4,50.00,0,0,0,0,0
MJ Mason,2006-2008,3,1,0,2,2,2.00,2,100.00,0,0,0,0,0
E Otieno,2012-2012,1,1,0,2,2,2.00,6,33.33,0,0,0,0,0
I Udana,2009-2012,6,2,1,2,1*,2.00,7,28.57,0,0,0,0,0
R Vinay Kumar,2010-2012,8,1,1,2,2*,-,4,50.00,0,0,0,0,0
UWMBCA Welegedara,2010-2010,2,1,1,2,2*,-,3,66.66,0,0,0,0,0
Aftab Alam,2012-2012,1,1,1,1,1*,-,3,33.33,0,0,0,0,0
JM Anderson,2007-2009,19,4,3,1,1*,1.00,2,50.00,0,0,1,0,0
S Badree,2012-2012,6,1,0,1,1,1.00,4,25.00,0,0,0,0,0
DE Bernard,2009-2009,1,1,1,1,1*,-,1,100.00,0,0,0,0,0
CR Brathwaite,2011-2011,1,1,0,1,1,1.00,2,50.00,0,0,0,0,0
DR Brown,2007-2007,2,1,0,1,1,1.00,5,20.00,0,0,0,0,0
RW Chakabva,2008-2011,2,2,0,1,1,0.50,9,11.11,0,0,1,0,0
Dhiman Ghosh,2008-2008,1,1,0,1,1,1.00,2,50.00,0,0,0,0,0
HH Dippenaar,2006-2006,1,1,0,1,1,1.00,5,20.00,0,0,0,0,0
MC Henriques,2009-2009,1,1,0,1,1,1.00,2,50.00,0,0,0,0,0
HMRKB Herath,2011-2012,6,2,2,1,1*,-,1,100.00,0,0,0,0,0
JS Jesani,2007-2007,1,1,0,1,1,1.00,5,20.00,0,0,0,0,0
MBS Jonkman,2010-2010,3,1,0,1,1,1.00,8,12.50,0,0,0,0,0
GE Kidd,2010-2010,1,1,1,1,1*,-,1,100.00,0,0,0,0,0
J Lewis,2005-2007,2,2,1,1,1,1.00,4,25.00,0,0,0,0,0
J Louw,2008-2009,2,1,1,1,1*,-,1,100.00,0,0,0,0,0
MJ McClenaghan,2012-2012,3,2,1,1,1*,1.00,4,25.00,0,0,1,0,0
SI Mahmood,2006-2009,4,2,2,1,1*,-,2,50.00,0,0,0,0,0
RD McCann,2012-2012,3,1,0,1,1,1.00,2,50.00,0,0,0,0,0
M Muralidaran,2006-2010,12,2,0,1,1,0.50,5,20.00,0,0,1,0,0
ML Nkala,2006-2006,1,1,0,1,1,1.00,3,33.33,0,0,0,0,0
MS Panesar,2007-2007,1,1,0,1,1,1.00,2,50.00,0,0,0,0,0
MDK Perera,2011-2011,3,2,0,1,1,0.50,6,16.66,0,0,1,0,0
DBL Powell,2007-2007,5,1,1,1,1*,-,1,100.00,0,0,0,0,0
EC Rainsford,2010-2010,2,1,1,1,1*,-,2,50.00,0,0,0,0,0
Raza-ur-Rehman,2012-2012,1,1,0,1,1,1.00,4,25.00,0,0,0,0,0
SMSM Senanayake,2012-2012,2,1,0,1,1,1.00,4,25.00,0,0,0,0,0
PM Siddle,2009-2010,2,1,1,1,1*,-,1,100.00,0,0,0,0,0
Sohrawordi Shuvo,2010-2010,1,1,1,1,1*,-,3,33.33,0,0,0,0,0
EP Thompson,2008-2008,1,1,1,1,1*,-,1,100.00,0,0,0,0,0
JC Tredwell,2012-2012,2,1,1,1,1*,-,1,100.00,0,0,0,0,0
LL Tsotsobe,2009-2012,11,1,0,1,1,1.00,7,14.28,0,0,0,0,0
TE Tucker,2008-2008,1,1,0,1,1,1.00,5,20.00,0,0,0,0,0
G Wijekoon,2007-2007,3,2,1,1,1*,1.00,5,20.00,0,0,1,0,0
Aizaz Cheema,2011-2012,5,1,1,0,0*,-,3,0.00,0,0,0,0,0
D Bishoo,2011-2011,4,1,0,0,0,0.00,1,0.00,0,0,1,0,0
IDR Bradshaw,2006-2006,1,1,1,0,0*,-,0,-,0,0,0,0,0
AF Buurman,2010-2010,4,2,0,0,0,0.00,4,0.00,0,0,2,0,0
PP Chawla,2010-2012,7,1,0,0,0,0.00,1,0.00,0,0,1,0,0
DO Christian,2011-2011,2,1,0,0,0,0.00,2,0.00,0,0,1,0,0
A Dananjaya,2012-2012,4,1,1,0,0*,-,0,-,0,0,0,0,0
SM Harwood,2007-2009,3,1,1,0,0*,-,0,-,0,0,0,0,0
T Henderson,2006-2006,1,1,0,0,0,0.00,2,0.00,0,0,1,0,0
KC Hodsoll,2008-2008,1,1,0,0,0,0.00,1,0.00,0,0,1,0,0
Izatullah Dawlatzai,2012-2012,4,1,1,0,0*,-,3,0.00,0,0,0,0,0
S Keshvani,2010-2010,2,1,1,0,0*,-,1,0.00,0,0,0,0,0
RN Lewis,2008-2008,1,1,0,0,0,0.00,4,0.00,0,0,1,0,0
AJ McKay,2010-2010,2,1,0,0,0,0.00,1,0.00,0,0,1,0,0
GI Maiden,2008-2008,3,1,0,0,0,0.00,1,0.00,0,0,1,0,0
Mohammad Kashif,2010-2010,3,1,1,0,0*,-,0,-,0,0,0,0,0
Mohammad Qazi,2008-2008,1,1,0,0,0,0.00,1,0.00,0,0,1,0,0
HJC Mol,2008-2008,4,1,0,0,0,0.00,1,0.00,0,0,1,0,0
A Nel,2005-2007,2,1,1,0,0*,-,2,0.00,0,0,0,0,0
AA Noffke,2007-2008,2,1,0,0,0,0.00,0,-,0,0,1,0,0
MM Patel,2011-2011,3,1,0,0,0,0.00,1,0.00,0,0,1,0,0
PDRL Perera,2006-2006,2,2,2,0,0*,-,0,-,0,0,0,0,0
DM Richards,2009-2009,1,1,0,0,0,0.00,1,0.00,0,0,1,0,0
A Shahzad,2010-2011,3,1,1,0,0*,-,3,0.00,0,0,0,0,0
Shakeel Ansar,2012-2012,2,1,0,0,0,0.00,1,0.00,0,0,1,0,0
MS Sinclair,2005-2007,2,2,0,0,0,0.00,5,0.00,0,0,2,0,0
M Zondeki,2006-2006,1,1,0,0,0,0.00,1,0.00,0,0,1,0,0
YA Abdulla,2009-2009,2,-,-,-,-,-,-,-,-,-,-,-,-
Abdur Rauf,2008-2008,1,-,-,-,-,-,-,-,-,-,-,-,-
GW Aldridge,2011-2011,1,-,-,-,-,-,-,-,-,-,-,-,-
TR Ambrose,2008-2008,1,-,-,-,-,-,-,-,-,-,-,-,-
Anwar Ali,2008-2008,1,-,-,-,-,-,-,-,-,-,-,-,-
Arsalan Qadir,2010-2010,1,-,-,-,-,-,-,-,-,-,-,-,-
MS Aulakh,2012-2012,1,-,-,-,-,-,-,-,-,-,-,-,-
P Awana,2012-2012,2,-,-,-,-,-,-,-,-,-,-,-,-
LS Baker,2008-2009,3,-,-,-,-,-,-,-,-,-,-,-,-
L Balaji,2012-2012,5,-,-,-,-,-,-,-,-,-,-,-,-
TC Bastiampillai,2010-2010,2,-,-,-,-,-,-,-,-,-,-,-,-
MD Bates,2012-2012,3,-,-,-,-,-,-,-,-,-,-,-,-
N Boje,2005-2005,1,-,-,-,-,-,-,-,-,-,-,-,-
DE Bollinger,2011-2011,2,-,-,-,-,-,-,-,-,-,-,-,-
DR Briggs,2012-2012,3,-,-,-,-,-,-,-,-,-,-,-,-
DK Butler,2006-2006,1,-,-,-,-,-,-,-,-,-,-,-,-
TL Chatara,2010-2010,1,-,-,-,-,-,-,-,-,-,-,-,-
SR Clark,2006-2007,9,-,-,-,-,-,-,-,-,-,-,-,-
M de Lange,2012-2012,2,-,-,-,-,-,-,-,-,-,-,-,-
SI de Saram,2009-2009,1,-,-,-,-,-,-,-,-,-,-,-,-
BJ Diamanti,2009-2009,1,-,-,-,-,-,-,-,-,-,-,-,-
PS Eaglestone,2010-2010,1,-,-,-,-,-,-,-,-,-,-,-,-
JP Faulkner,2012-2012,1,-,-,-,-,-,-,-,-,-,-,-,-
B Geeves,2009-2009,1,-,-,-,-,-,-,-,-,-,-,-,-
D Gough,2005-2006,2,-,-,-,-,-,-,-,-,-,-,-,-
SJ Harmison,2005-2006,2,-,-,-,-,-,-,-,-,-,-,-,-
Iftikhar Anjum,2007-2009,2,-,-,-,-,-,-,-,-,-,-,-,-
MM Iqbal,2012-2012,2,-,-,-,-,-,-,-,-,-,-,-,-
Joginder Sharma,2007-2007,4,-,-,-,-,-,-,-,-,-,-,-,-
M Kartik,2007-2007,1,-,-,-,-,-,-,-,-,-,-,-,-
RAS Lakmal,2011-2011,2,-,-,-,-,-,-,-,-,-,-,-,-
B Laughlin,2009-2009,1,-,-,-,-,-,-,-,-,-,-,-,-
RDM Leverock,2008-2008,2,-,-,-,-,-,-,-,-,-,-,-,-
ML Lewis,2006-2006,2,-,-,-,-,-,-,-,-,-,-,-,-
Mansoor Amjad,2008-2008,1,-,-,-,-,-,-,-,-,-,-,-,-
A Martin,2011-2011,1,-,-,-,-,-,-,-,-,-,-,-,-
SC Meaker,2012-2012,2,-,-,-,-,-,-,-,-,-,-,-,-
A Mishra,2010-2010,1,-,-,-,-,-,-,-,-,-,-,-,-
Mohammad Irfan,2012-2012,2,-,-,-,-,-,-,-,-,-,-,-,-
GMC Mol,2008-2008,1,-,-,-,-,-,-,-,-,-,-,-,-
Mominul Haque,2012-2012,1,-,-,-,-,-,-,-,-,-,-,-,-
CH Morris,2012-2012,1,-,-,-,-,-,-,-,-,-,-,-,-
IE O'Brien,2009-2009,4,-,-,-,-,-,-,-,-,-,-,-,-
MA Parker,2012-2012,2,-,-,-,-,-,-,-,-,-,-,-,-
AM Phangiso,2012-2012,2,-,-,-,-,-,-,-,-,-,-,-,-
LE Plunkett,2006-2006,1,-,-,-,-,-,-,-,-,-,-,-,-
KTGD Prasad,2011-2011,1,-,-,-,-,-,-,-,-,-,-,-,-
M Pushpakumara,2009-2009,1,-,-,-,-,-,-,-,-,-,-,-,-
JE Root,2012-2012,1,-,-,-,-,-,-,-,-,-,-,-,-
K Santokie,2011-2012,2,-,-,-,-,-,-,-,-,-,-,-,-
JD Schoonheim,2008-2008,1,-,-,-,-,-,-,-,-,-,-,-,-
Shabbir Ahmed,2007-2007,1,-,-,-,-,-,-,-,-,-,-,-,-
SM Sharif,2012-2012,2,-,-,-,-,-,-,-,-,-,-,-,-
R Sharma,2012-2012,2,-,-,-,-,-,-,-,-,-,-,-,-
Sohag Gazi,2012-2012,1,-,-,-,-,-,-,-,-,-,-,-,-
Sohail Khan,2008-2011,3,-,-,-,-,-,-,-,-,-,-,-,-
Tanvir Ahmed,2010-2010,1,-,-,-,-,-,-,-,-,-,-,-,-
AC Thomas,2007-2007,1,-,-,-,-,-,-,-,-,-,-,-,-
DC Thomas,2009-2012,2,-,-,-,-,-,-,-,-,-,-,-,-
GC Tonge,2009-2009,1,-,-,-,-,-,-,-,-,-,-,-,-
CT Tremlett,2007-2007,1,-,-,-,-,-,-,-,-,-,-,-,-
S Tyagi,2009-2009,1,-,-,-,-,-,-,-,-,-,-,-,-
Usman Limbada,2010-2010,3,-,-,-,-,-,-,-,-,-,-,-,-
DJ Vilas,2012-2012,1,-,-,-,-,-,-,-,-,-,-,-,-
SR Welsh,2008-2008,1,-,-,-,-,-,-,-,-,-,-,-,-
LJ Woodcock,2010-2011,3,-,-,-,-,-,-,-,-,-,-,-,-
UT Yadav,2012-2012,1,-,-,-,-,-,-,-,-,-,-,-,-
Zamir Khan,2012-2012,1,-,-,-,-,-,-,-,-,-,-,-,-
